:020000040800F2
:1000000000060020E1020008E3020008E302000805
:10001000E3020008E3020008E3020008E30200082C
:10002000E3020008E3020008E30200085179000837
:10003000E3020008E3020008E3020008E30200080C
:10004000E3020008E3020008E3020008E3020008FC
:10005000E3020008E30200084588000871880008F0
:100060009D880008C9880008F588000859490008DB
:1000700081490008AD490008D9490008054A00082F
:100080002D4A0008594A0008E3020008E30200086C
:10009000E3020008E3020008E302000821890008E7
:1000A000E3020008E3020008E3020008E30200089C
:1000B000E3020008E3020008E3020008E30200088C
:1000C000E3020008E3020008E3020008E30200087C
:1000D000E3020008E3020008E3020008E30200086C
:1000E00085890008E3020008E3020008E302000833
:1000F000E3020008E3020008E3020008854A000862
:10010000E3020008F9890008218A0008E3020008D8
:10011000E3020008E3020008E3020008E30200082B
:10012000B14A0008D94A0008054B0008314B0008C5
:100130005D4B0008E3020008E3020008E302000848
:10014000E3020008E3020008E3020008E3020008FB
:10015000854B0008B14B0008DD4B0008E3020008A6
:10016000E3020008E3020008E3020008E3020008DB
:10017000E302000825850008E3020008E302000806
:10018000E3020008E30200080D8A0008E302000809
:10019000E3020008E3020008E3020008E3020008AB
:1001A000E3020008E3020008E3020008E30200089B
:1001B000E3020008E3020008E3020008E30200088B
:1001C000E3020008E3020008E3020008E30200087B
:1001D000E302000811850008E3020008E3020008BA
:1001E000E3020008E3020008E3020008E30200085B
:1001F000E3020008E3020008E3020008E30200084B
:10020000E3020008E3020008E3020008E30200083A
:10021000E3020008E3020008E3020008E30200082A
:10022000E3020008E3020008E3020008E30200081A
:10023000E3020008E3020008E3020008E30200080A
:10024000E3020008E3020008E3020008E3020008FA
:10025000E3020008E3020008E3020008E3020008EA
:10026000E3020008E3020008E3020008E3020008DA
:10027000E3020008E3020008E3020008E3020008CA
:10028000E3020008E3020008E3020008E3020008BA
:10029000E3020008E3020008E3020008E3020008AA
:1002A000E3020008E3020008E3020008E30200089A
:1002B000E3020008E3020008E3020008E30200088A
:1002C000E3020008E3020008E3020008E30200087A
:1002D000E3020008E3020008E3020008E30200086A
:1002E00002E000F000F8FEE772B6374880F30888B5
:1002F000364880F3098836483649086040F20000E5
:10030000CCF200004EF63471CEF200010860BFF36B
:100310004F8FBFF36F8F40F20000C0F2F0004EF637
:100320008851CEF200010860BFF34F8FBFF36F8F8B
:100330004FF00000E1EE100A4EF63C71CEF20001E3
:100340000860062080F31488BFF36F8F07F062FB0C
:1003500006F0E2FC4FF055301F491B4A91423CBF6A
:1003600041F8040BFAE71D49184A91423CBF41F895
:10037000040BFAE71A491B4A1B4B9A423EBF51F83D
:10038000040B42F8040BF8E700201849184A914280
:100390003CBF41F8040BFAE707F07AFB06F03EFD9C
:1003A000144C154DAC4203DA54F8041B8847F9E7A6
:1003B00000F062FB114C124DAC4203DA54F8041BFE
:1003C0008847F9E707F062BB000600200022002002
:1003D0000000000808ED00E00000002000060020FA
:1003E000C09D0008002200206C2200207022002006
:1003F0005C5E0020E0020008E0020008E002000865
:10040000E00200082DE9F04F2DED108AC1F80CD064
:10041000D0F80CD0BDEC108ABDE8F08F002383F338
:1004200011882846A047002006F05AFAFEE706F099
:10043000B1F900DFFEE7000053B94AB9002908BF4F
:1004400000281CBF4FF0FF314FF0FF3000F06AB9B9
:10045000ADF1080C6DE904CE00F006F8DDF804E01B
:10046000DDE9022304B070472DE9F047089D0E46F0
:1004700004460F46002B4AD194468C45B2FA82F2CC
:1004800060D942B1C2F12003974020FA03F30CFA7D
:1004900002FC1F4394404FEA1C4E1FFA8CF6B7FB38
:1004A000FEF1230C0EFB117743EA074301FB06F034
:1004B00098420AD91CEB030301F1FF3780F0158144
:1004C000984240F21281023963441B1AA4B2B3FB72
:1004D000FEF00EFB103344EA034400FB06F6A6428E
:1004E0000AD91CEB040400F1FF3380F00081A6421E
:1004F00040F2FD806444023840EA0140A41B002120
:100500001DB1D4400023C5E90043BDE8F0878B420C
:1005100005D90DB1C5E9000100210846F5E7B3FA98
:1005200083F1002946D1B34202D3824200F2F58022
:10053000841A66EB030201201746002DE5D0C5E9B9
:100540000047E2E7002A40F09380A1EB0C034FEA5A
:100550001C471FFA8CFE0121B3FBF7F607FB163090
:10056000230C43EA00430EFB06F0984208D91CEB2B
:10057000030306F1FF3802D2984200F2D0804646CB
:100580001B1AA4B2B3FBF7F007FB103344EA034491
:100590000EFB00FEA64508D91CEB040400F1FF3356
:1005A00002D2A64500F2B6801846A4EB0E0440EA3B
:1005B0000640A5E7C1F120078B4022FA07FC4CEA70
:1005C000030C06FA01FE20FA07F426FA07F344EAC0
:1005D0000E0400FA01F84FEA1C404FEA1449B3FB3D
:1005E000F0FE1FFA8CF600FB1E3349EA03430EFBB4
:1005F00006F9994502FA01F20BD91CEB03030EF13F
:10060000FF3A80F08580994540F28280AEF1020E7B
:100610006344A3EB0909A4B2B9FBF0F300FB1399FF
:1006200044EA094403FB06F6A64208D91CEB04047D
:1006300003F1FF3068D2A64266D9023B644443EA24
:100640000E40A41BA0FB02E6B4427346B14652D34F
:100650004FD05DB1B8EB030264EB090404FA07F76D
:1006600022FA01F31F43CC40C5E9007400214CE796
:10067000C2F1200120FA01F30CFA02FC26FA01F182
:10068000964033434FEA1C471FFA8CFEB1FBF7F04C
:1006900007FB1016190C41EA064100FB0EF68E42CC
:1006A00004FA02F408D91CEB010100F1FF382DD245
:1006B0008E422BD902386144891B9BB2B1FBF7F6FD
:1006C00007FB161143EA014306FB0EF1994208D9D4
:1006D0001CEB030306F1FF3814D2994212D9023EF3
:1006E00063445B1A46EA004136E73946EDE61846B0
:1006F00002E7F045ADD2BEEB020366EB0C06013813
:10070000B146A6E74646ECE7034698E74046D3E7FE
:10071000D6467EE76444023847E708460DE7023EC6
:1007200063442DE7704700BF11F0FF01034600F05E
:10073000030239D08ABB026810B501EB012E0EEB23
:100740000E4E8EEA0204A2F1013323EA0203A4F161
:10075000013222EA0402134313F0803F0FD150F814
:10076000044F84EA0E0CA4F10133ACF1013223EA08
:10077000040322EA0C02134313F0803FEFD0037806
:1007800023B936E010F8013F002B32D09942F9D15D
:1007900010BD8A4228D09A0729D01A78184601330A
:1007A000002AF6D110467047CAB90268A2F1013397
:1007B00023EA020313F0803F08D150F8042FA2F17E
:1007C000013323EA020313F0803FF6D003785BB1D4
:1007D00010F8013F002BFBD17047990705D0184650
:1007E00013F8012B002AF8D170471846DDE71846A8
:1007F000A1E7184610BD00BF80EA0102844612F04E
:10080000030F4FD111F0030F32D14DF8044D11F009
:10081000040F51F8043B0BD0A3F101329A4312F0BC
:10082000803F04BF4CF8043B51F8043B16D100BF95
:1008300051F8044BA3F101329A4312F0803FA4F126
:1008400001320BD14CF8043BA24312F0803F04BFAD
:1008500051F8043B4CF8044BEAD023460CF8013B1A
:1008600013F0FF0F4FEA3323F8D15DF8044B7047C4
:1008700011F0010F06D011F8012B0CF8012B002A02
:1008800008BF704711F0020FBFD031F8022B12F0F1
:10089000FF0F16BF2CF8022B8CF8002012F47F4FAC
:1008A000B3D1704711F8012B0CF8012B002AF9D1B4
:1008B000704700BF88420ED98B1883420BD900EBDA
:1008C000020C002A6ED0624613F801CD02F801CD69
:1008D0009942F9D170470F2A0FD8034602F1FF3C25
:1008E000002A5FD00CF1010C013B8C4411F8012B64
:1008F00003F8012F6145F9D1704740EA01039B07D6
:1009000051D1A2F1100370B501F1200C23F00F05B5
:1009100001F1100E00F11004AC441B095EF8105CEC
:1009200044F8105C5EF80C5C44F80C5C5EF8085C03
:1009300044F8085C5EF8045C44F8045C0EF1100EA8
:10094000E64504F11004E9D1013312F00C0F01EB7C
:10095000031102F00F0400EB031328D0043C24F031
:1009600003064FEA940C1E441C1F8E465EF8045B7F
:1009700044F8045FB442F9D10CF1010402F003021F
:1009800003EB840301EB840102F1FF3C4AB10CF15B
:10099000010C013B8C4411F8012B03F8012F614538
:1009A000F9D170BD704702F1FF3C03469AE7224639
:1009B000EAE700BF40EA01039B0710B501D1032A13
:1009C00017D8844601F1FF3E07E01EF8011F03F827
:1009D000011B541E29B19C4622466346002AF4D1CD
:1009E00010BD9444002CFBD003F8011B6345FBD1E0
:1009F00010BD8E468446DEF80040A4F1013323EAA0
:100A0000040313F0803F71460EF1040EDAD1043A6C
:100A1000032A4CF8044BEED87146D3E7032A30B4CE
:100A200015D941EA0004A40784460B4604D0541E9D
:100A30000FE0043A032A08D91946604653F8044BDC
:100A40005CF8045BA542F4D0F1E760461946541EF9
:100A50007AB1431E0139021901E09A4209D013F814
:100A6000010F11F801CF6045F7D0A0EB0C0030BCAE
:100A70007047002030BC704738B501F069FA01F0CA
:100A800025FC06F06BFE054606F058FF0446D0B97B
:100A90000F4B9D421AD001339D4241F2883504BF6D
:100AA00001240025002006F063FE0CB100F078F868
:100AB00001F0AAFB00F012FD08B100F071F8284621
:100AC00000F01CF9F9E700250124EBE70546E9E70A
:100AD000010007B008B501F009FAA0F1200358425F
:100AE000584108BD07B541F21203022101A8ADF833
:100AF000043001F017FA03B05DF804FB38B5302379
:100B000083F31188174803680BB105F0CDFF00236C
:100B1000154A4FF47A71134805F0BCFF002383F3A4
:100B20001188124C236813B12368013B236063686A
:100B300013B16368013B63600D4D2B7833B9636873
:100B40007BB9022001F0CAFA322363602B78032BB1
:100B500007D163682BB9022001F0C0FA4FF47A7311
:100B6000636038BD80230020FD0A00087423002044
:100B70007C230020084B187003280CD8DFE800F015
:100B800008050208022001F0A1BA022001F094BA7F
:100B9000024B00225A6070477C23002074230020FF
:100BA000F8B5504B504A1C461968013100F0998045
:100BB00004339342F8D162684C4B9A4240F29180E0
:100BC0004B4B9B6803F1006303F500339A4280F0BE
:100BD0008880002001F0E2F90220FFF7CBFF454BAF
:100BE0000021D3F8E820C3F8E810D3F81021C3F8A7
:100BF0001011D3F81021D3F8EC20C3F8EC10D3F87F
:100C00001421C3F81411D3F81421D3F8F020C3F839
:100C1000F010D3F81821C3F81811D3F81821D3F81D
:100C2000802042F00062C3F88020D3F8802022F0B8
:100C30000062C3F88020D3F88020D3F8802042F0EF
:100C40000072C3F88020D3F8802022F00072C3F82D
:100C50008020D3F8803072B64FF0E023C3F8084DFF
:100C6000D4E90004BFF34F8FBFF36F8F224AC2F85D
:100C70008410BFF34F8F536923F480335361BFF364
:100C80004F8FD2F8803043F6E076C3F3C905C3F343
:100C90004E335B0103EA060C29464CEA81770139A1
:100CA000C2F87472F9D2203B13F1200FF2D1BFF3D6
:100CB0004F8FBFF36F8FBFF34F8FBFF36F8F5369AA
:100CC00023F4003353610023C2F85032BFF34F8F37
:100CD000BFF36F8F302383F31188854680F3088834
:100CE0002047F8BD0000020820000208FFFF0108AD
:100CF000002200200044025800ED00E02DE9F04FF2
:100D000095B0DFF8DCB22022FF2101900CA8DBF8BF
:100D1000086001F023FAAD4A1378A3B90121AC4869
:100D200011700360302383F3118803680BB105F061
:100D3000BBFE0023A74A4FF47A71A54805F0AAFE2E
:100D4000002383F31188019B13B1A34B019A1A600E
:100D5000A24A1378032B03D0002313709E4A5360DA
:100D60004FF00009019DCA464C46C846012001F0DB
:100D7000ADF925B1984B1B68002B00F019820020BB
:100D800001F0B4F80590059B002BF2DB012001F087
:100D900093F9059B213B1F2BE8D801A252F823F0C1
:100DA000210E0008490E0008DB0E00086D0D00083A
:100DB0006D0D00086D0D0008610F0008211100087D
:100DC0003B1000089D100008C5100008EB1000083B
:100DD0006D0D0008FD1000086D0D00086F11000872
:100DE000BF0E00086D0D0008B71100082D0E000899
:100DF000BF0E00086D0D00089D1000086D0D000865
:100E00006D0D00086D0D00086D0D00086D0D0008DA
:100E10006D0D00086D0D00086D0D0008DB0E00085B
:100E20000220FFF757FE002840F00581019BB9F131
:100E3000000F08BF1D4641F21233022107A8ADF88A
:100E40001C3001F06FF891E74FF47A7001F04EF822
:100E5000071EEBDB0220FFF73DFE0028E6D0013F36
:100E6000052F00F2D081DFE807F0030A0D101335DB
:100E70000523042107A8079301F054F817E0042183
:100E80005748F9E704215748F6E704215648F3E7A5
:100E90004FF01C08404608F1040801F081F80421D5
:100EA000079007A801F03EF8B8F12C0FF2D101230A
:100EB0004FF00008BB404AEA03035FFA83FA01F0EF
:100EC00099F924B10AF00B030B2B08BF0025FFF79B
:100ED00009FE4BE704214548CEE7002CA6D00AF0D6
:100EE0000B030B2B5ED10220FFF7F4FD0446002814
:100EF00058D00120002701F051F80220FFF73AFEF8
:100F00001FFA87F9484601F059F8054688B9334B6E
:100F100001222E4602201A7001F0CEF8DBF80830CC
:100F2000B34216D800262D4BA1461E702A4B5E6098
:100F3000C5E7059948460137A1F1400251425141A8
:100F400001F04CF805460028DAD1A14641F212130F
:100F500073E7304601F024F80130F6D10436DDE7BE
:100F6000002C3FF463AF0AF00B030B2B1AD10220C5
:100F7000FFF700FE322000F0B9FF071E12DB17F06A
:100F800003030FD1BA19DBF808108A420AD8B7F563
:100F9000807F07D8164A9F4206DCC820FFF79AFDDB
:100FA000044638BB012441E74FF47A70CDE90232A0
:100FB00000F09CFF059005990029FFF637AF0599D1
:100FC000039A029B02F8011B0133E4E7702300201F
:100FD00080230020FD0A0008742300207C230020C9
:100FE0000022002004220020082200200C220020E1
:100FF000702200201F2E11D8C6F120020CAB26F063
:1010000003008249BA42184428BF3A46029201F0CE
:101010007FF8029AFF217D4801F0A0F8BB10C7F3CA
:1010200087027A493046029301F0A0F800288DD05B
:10103000029B06EB8306044641E70220FFF74AFDC8
:1010400000283FF4F3AE00F0E7FF00283FF4EEAED7
:1010500000273B4612E01F2F1AD80C9A013217D0F6
:1010600027F0030250326A4452F8200C0790042201
:10107000184607A901F03CF904370346DBF80820BD
:10108000BA42E8D80793042107A800F04BFF16E7FF
:101090003846029300F084FF029BE7E700236421B7
:1010A00006A8069300F036FF00287FF4BFAE0220AA
:1010B000FFF710FD00283FF4B9AE069800F0A2FF3C
:1010C0000790E0E70023642106A8069300F022FFC2
:1010D00000287FF4ABAE0220FFF7FCFC00283FF4B1
:1010E000A5AE069800F090FFEAE70220FFF7F2FCB9
:1010F00000283FF49BAE00F09FFFE1E70220FFF7DE
:10110000E9FC00283FF492AE07A9142000F09AFFF2
:1011100007460421069006A800F004FF3946B3E70D
:10112000322000F0E3FE071EFFF680AEBB077FF41F
:101130007DAE07EB0803DBF8082093423FF676AE5E
:101140000220FFF7C7FC00283FF470AE27F003072A
:101150004744B8453FF4B3AE404608F1040800F0F8
:101160001FFF0421079007A800F0DCFEF1E74FF411
:101170007A70FFF7AFFC00283FF458AE00F04CFF48
:1011800000283FF4E3AE0C9B01330CD008220CA9DD
:10119000002000F0EBFF00283FF4D8AE2022FF2112
:1011A0000CA800F0DBFFFFF79DFC194805F09EFB43
:1011B00015B0BDE8F08F002C3FF438AE0AF00B03F9
:1011C0000B2B7FF433AE0023642107A8079300F0B4
:1011D000A1FE074600287FF429AE0220FFF77AFC23
:1011E000029000283FF422AEFFF77CFC41F28830E9
:1011F00005F07CFB079801F047F83D4600F0FAFF48
:10120000029B1C46B2E54FF000080FE6702200205A
:10121000A086010070470000704700007047000082
:101220002DE9F04100F58037044616463B7C5BB95A
:10123000C0681030204400F06BFFE5683544B5F518
:10124000004FE56002D816B1BDE8F081DEB905F0C7
:101250007F0605F110000021C6F180062044F6B299
:1012600032462E4400F07AFFA06804F1100832469E
:1012700000F10060414600F5003006F005F830B995
:1012800001233B74E0E74FF400463546ECE7A368E2
:1012900005F11001E268404633442144521BA3602B
:1012A000E26000F035FF0220BDE8F04100F016BF1B
:1012B000183000F0DFBC000010B5044601F034F82F
:1012C000204610BD10B5044601F02EF8204610BD92
:1012D000C0B2A0F14103052B02D83738C0B2704725
:1012E000A0F16103052B94BF57383038F6E70000B2
:1012F00070B504461546084603220C4900F012FF5B
:10130000014688B907346E1C15F91100FFF7E0FF9C
:10131000024616F911000131FFF7DAFF102940EA01
:10132000021004F8010FEFD170BD00BF90930008C8
:101330002DE9F04FADF53F7D4168074601222AA80F
:1013400002F0C4FE064600287BD182468146112564
:10135000DFF80C81DFF80CB101AB4FF4805241464D
:101360002AA803F003F8044600286AD1019AB2F5CE
:10137000805F66D8002A69D0019A9442ECD2282D69
:101380000FD008DC132D2DD01E2D39D0112D13D0E8
:101390000134A4B2F0E7322D2DD0372D2FD02D2DD2
:1013A000F6D13B68121B08EB040138461B692D255A
:1013B0009847BDF80440EBE7121B022A09D95946A9
:1013C00008EB040000F0AEFE18B902342825A4B2E0
:1013D000DEE718F804303A2B33D00A2B1CBFA146A5
:1013E0001325D5E718F804300A2B2AD03A2B04BF6E
:1013F000A2463225CCE718F80430202BC8D0264668
:1014000018F804300A2B1AD1AAEB090208EB0901DB
:1014100002A811254F2A28BF4F22FFF7CBFAA21BA3
:1014200008EB060116A84F2A28BF4F22FFF7C2FA81
:101430003B6816AA02A9DB6838469847A8E71E252C
:10144000A6E700200DF53F7DBDE8F08F3B683846EC
:1014500002491B6998470120F4E700BF4494000843
:10146000982300209493000830B500F11805044635
:1014700085B0284600F0E8FB2046FFF759FF60B131
:101480002946684600F03EFC102204F10801684637
:10149000FFF7C4FAB0FA80F0400905B030BD000093
:1014A00070B504460025EEB2304600F087FD48B91D
:1014B0002046FFF73DFF58B104F58034207C80F0D2
:1014C000010006E000213046013500F087FD08B933
:1014D000002070BD022000F001FEE4E7F0B5C9B0C5
:1014E00006F054F900F03CFF18B90025284649B031
:1014F000F0BD69462A4802F0FFFF00284BD1294C75
:10150000204603F029F8284803F026F8274803F07E
:1015100023F82146224803F09BF80028E5D17020EB
:1015200000F0FCFE064610B1214B446003603368B6
:1015300030469B689847054600282ED01A4F194818
:10154000394603F085F805460028CED1194800F049
:10155000E5FE044638B1184B4760036000F5803360
:10156000C0E902551D74236820469B6898470546CC
:1015700028B10E490C4803F06BF80028B5D1336848
:1015800030465B6898471CB1236820465B689847E3
:1015900000F0CEFEAAE70025FAE70446EFE700BF19
:1015A00098930008A8930008BF930008D5930008FB
:1015B000B894000814000100D49400082DE9F04FFD
:1015C000D34A8DB0D1F800A003685244D0F804E0AB
:1015D000D04E1A44D1F81C90DFF8B0C3DFF8B0B396
:1015E000D0E90234634003EA0E03634013444A68BF
:1015F00001920EEB7363019CC74A2244C4682244E3
:1016000084688EEA04051D40654015448A6802928C
:1016100003EB3555029CC14A2244846822448EEA79
:1016200003042C4084EA0E041444CA6805EBF43425
:101630000392164483EA0502224076445A4032441B
:101640000E69049604EBB222049FB54E3E441E443C
:1016500085EA040313406B4033444E69059602EB60
:101660007363059FAF4E3E442E4484EA02051D403D
:10167000654035448E69069603EB3555069FAA4EA4
:101680003E44264482EA03042C4054403444A74E8E
:101690004E4405EBF434164483EA050222405A40D6
:1016A00032440E6A079604EBB222079FA04E3E44D6
:1016B0001E4485EA040313406B4033444E6A089687
:1016C00002EB7363089F9B4ED1F838803E442E4452
:1016D00084EA02051D40654035448E6AA6F524471C
:1016E00003EB355509964F3F274482EA03042C400B
:1016F00054403C44CF6A0A9705EBF4340A9E8E4F5F
:1017000037440E6B174483EA05020B9622405A4079
:101710003A448A4F374404EBB222019E1F4485EAC3
:10172000040313406B403B444F6BBC4402EB7363B8
:10173000AC4484EA02051D4065406544DFF854C2AC
:10174000C44403EB3555A44482EA03042C405440BE
:101750006444D1F83CC07A4905EBF4346144114447
:1017600083EA050222405A400A44764904EBB22239
:101770003144069E194484EA02032B4063400B4423
:10178000714902EBF36331440A9E0D4482EA03017E
:101790002140514029446D4D03EBF1513544059EE4
:1017A000254483EA010414405C402C44684D01EB5D
:1017B000B4445544154481EA04021A404A402A447C
:1017C000644D04EB32323544099E1D4484EA020321
:1017D0000B4063402B44604D02EBF3633544049EA1
:1017E0000D4482EA03012140514029445B4D03EB43
:1017F000F1516544254483EA010414405C402C44C3
:10180000574D01EBB4443544089E154481EA040267
:101810001A404A402A44534D04EB32323544039E69
:101820001D4484EA02030B4063402B444E4D02EBFF
:10183000F36345440D4482EA0301214051402944A9
:101840004A4D03EBF1513544079E254483EA0104D8
:1018500014405C402C44464D01EBB4443544029E98
:10186000154481EA04021A404A402A44414D04EBDF
:1018700032323D441D4484EA02030B4063402B4452
:101880003D4D02EBF36335440B9E0D4482EA0301A8
:10189000B344059E2140934451402944374D03EB06
:1018A000F1514D442C4483EA010515405D40254427
:1018B00001EBB54581EA050404EA03024A405A44B3
:1018C000A6F5B82B079E05EB3232ABF2BE6B544047
:1018D0009B442B4B5C4433440A9E02EB34740B4410
:1018E00085EA020161401944264B334404EB7151EF
:1018F000019E2B4482EA04054D401D44224B434483
:1019000001EB35451A4484EA01036B40134443E07C
:1019100078A46AD7EECEBDC156B7C7E8DB702024E5
:10192000AF0F7CF52AC68747134630A8019546FDC0
:10193000D8988069AFF7448BBED75C892211906B31
:101940002108B44962251EF640B340C0515A5E26B4
:10195000AAC7B6E95D102FD65314440281E6A1D878
:10196000C8FBD3E7E6CDE121D60737C3870DD5F411
:10197000ED145A4505E9E3A9F8A3EFFCD9026F6716
:1019800081F6718722619D6D0C38E5FD937198FD9C
:101990008A4C2A8D8E4379A6904A324405EB7323F4
:1019A000049E224481EA05045C4014448C4A32447B
:1019B00003EB3474099E0A4485EA03016140114433
:1019C000884A4A4404EB7151154483EA04024A40B0
:1019D0002A44854D354401EB3242039E2B4484EA70
:1019E000010555401D44814B3B4402EB75252344C2
:1019F00081EA02046C401C447D4B534405EB347473
:101A0000194482EA050363400B447A49314404EBEC
:101A10007353069E0A4485EA040159401144764AEC
:101A2000324403EB3141089E2A4484EA03054D40C9
:101A30001544724A324401EB75250B9E144483EA27
:101A400001026A4022446E4C344405EB3272029E1D
:101A5000234481EA050454401C446A4B634402EB6E
:101A600074540B4485EA020161401944664B3344C7
:101A700004EB3141059E1D4482EA04034B402B4494
:101A8000624D01EB73235544154463EA04024A4056
:101A90002A445F4D03EBB2624D44254462EA0104DF
:101AA0005C402C445B4D02EBB45445440D4464EA65
:101AB000030151402944584D04EB714135440B9EBC
:101AC0001D4461EA020363402B44544D01EBF323B0
:101AD0003544039E154463EA04024A402A44504DAB
:101AE00003EBB2623544254462EA01045C402C44B5
:101AF000099DA5F5801602EBB4544A4DA6F683362F
:101B00000E4464EA030151403144019E04EB7141EB
:101B10003544079E1D4461EA020363402B44424D55
:101B200001EBF3233544069E154463EA04024A4060
:101B30002A443E4D03EBB2626544254462EA010447
:101B40005C402C443A4D02EBB4543544049E0D44A1
:101B500064EA030151402944364D04EB71413D4490
:101B60002B4461EA020565401D44334B01EBF5252A
:101B700033440A9E1A4465EA04034B4013442F4A37
:101B800005EBB3633244029E144463EA01026A40E7
:101B900022442B4C03EBB2523444089E0C4462EABC
:101BA000050159402144274C02EB7141344425443E
:101BB00061EA030454402C4405682B4403600EEB97
:101BC000010303EBF423436083681944C3681A4498
:101BD0008160C2600DB0BDE8F08F00BF44EABEA4D2
:101BE000A9CFDE4B604BBBF670BCBFBEC67E9B2848
:101BF000FA27A1EA8530EFD4051D880439D0D4D95D
:101C0000E599DBE6F87CA21F6556ACC4442229F4B2
:101C100097FF2A43A72394AB39A093FCC3595B6574
:101C200092CC0C8FD15D84854F7EA86FE0E62CFEB0
:101C3000144301A3A111084E827E53F735F23ABD39
:101C4000BBD2D72A91D386EB094B036003F18833CB
:101C5000436003F12943A3F59613A3F68B638360D6
:101C6000A3F18833C3600023C0E90433704700BF89
:101C7000012345672DE9F8431446026905460E46DF
:101C8000E300C2F3C50800F118079B18036122BFE7
:101C900043690133436112F4FC7F436903EB5473DE
:101CA000436114D0C8F1400907EB08004C4504D249
:101CB0002246BDE8F843FEF7FDBD403C4A464E448F
:101CC000FEF7F8FD444439462846FFF777FCA04666
:101CD00006EB0409B8F13F0FA9EB080106D824F080
:101CE0003F0104F03F0238463144E2E740223846E3
:101CF000FEF7E0FD39462846A8F14008FFF75EFCF4
:101D0000E8E7000070B50B6901F1180506460C46BE
:101D1000C3F3C503EA18501C8022EA54C3F13F0202
:101D2000072A1FD8002100F019FA29462046FFF79C
:101D300045FC38220021284600F010FA2369294684
:101D40002046236563696365FFF738FC214610224E
:101D50003046FEF7AFFD204658220021BDE8704016
:101D600000F0FCB9C3F137020021E5E72DE9F047A7
:101D70004FF47A7706460D4600245743DFF8488033
:101D8000DFF8489098F900305A1C01D0A34211D1D5
:101D900059F824002A4631460368D3F820A03B4670
:101DA000D047854206D1074B01201C70BDE8F08763
:101DB0000124E7E7002CFBD04FF4FA7004F096FD05
:101DC0000020F3E7C8330020102200201422002056
:101DD00000232DE9F0471A4605468846012019469A
:101DE00002F0A2FF0446802005F072FB074668B3AC
:101DF00064B33C4E28464FF0800A736943F0C063D9
:101E00007361D6F8143143F0C063C6F8143105F09D
:101E1000D9F905EB080200FB05F34FF03D0C00FB80
:101E200002FE4FF4D060734512D3204602F0BCFF8F
:101E3000384605F089FB2B4B5A6942F0C0625A6163
:101E4000D3F8142142F0C062C3F81421BDE8F08732
:101E500031694A012CD4D6F81011490128D42268DE
:101E600003F1006191602168CF602168C1F804A08E
:101E700021680860D4F80090D9F8001041F0010101
:101E8000C9F80010D4F80090D9F8001021F01E0114
:101E9000C9F80010D4F80090D9F80010CA07FBD494
:101EA00094F80C90803362680CFA09F11160BAE77B
:101EB0000D4B9A6A42F400729A629A6A42F40042A6
:101EC0009A6261B60026012005F062FAB04503D897
:101ED000002005F05DFAA8E7A819013605F08CF995
:101EE000F4E700BF0020005200ED00E0002307B53A
:101EF000024601210DF107008DF80730FFF736FF8C
:101F000020B19DF8070003B05DF804FB4FF0FF30EF
:101F1000F9E700000A46042108B5FFF727FF01385A
:101F200008BD0000074B0A4630B419780546064B39
:101F300053F8210029460368DC69044BA44630BCF1
:101F4000604700BFC833002014220020A086010093
:101F500070B5104C0026104D05F038F92080286827
:101F60002388834208D905F02DF92B6806440133F4
:101F7000B6F5003F2B60F2D300252088013805F02C
:101F800021F923880544013BB5F5802F2380F4D344
:101F900070BD00BFC0330020C433002005F0F8B985
:101FA00000F1006000F500300068704700F100604B
:101FB000920000F5003005F067B90000054B1A6883
:101FC000054B1B889B1A834202D9104405F0FAB8CE
:101FD00000207047C4330020C033002038B5084DBE
:101FE0000446286829B128682044BDE8384005F037
:101FF00003B9204405F0ECF80028F4D038BD00BF48
:10200000C43300200020704700F1FF5000F58F100E
:10201000D0F8000870470000064991F8243033B129
:1020200000230822086A81F82430FFF7BFBF01208F
:10203000704700BF98330020014B1868704700BFFD
:102040000010005C194B1A4A70B51D68431E04202D
:10205000C5F30B040B442D0C013808D199420846F6
:1020600010D30524134A013C15D1401A70BD1688BF
:10207000A6420ED152680846013A9842F1D212F9AE
:10208000014F1CB92C2200F8012BEAE700F8014BA4
:10209000F3E70832E0E71688AE4204D198423CBF2D
:1020A000967800F8016B0432DDE700BF0010005C99
:1020B0001C220020E8940008022803D1024B4FF4B0
:1020C00000129A61704700BF00040258022802D132
:1020D000014B20229A61704700040258022804D163
:1020E000024A536983F02003536170470004025889
:1020F00070B504464FF47A7604B970BD412C25467C
:1021000028BF412506FB05F0641B04F0EFFBF3E755
:10211000002310B5934200D110BDCC5CC4540133F0
:10212000F8E70000013810B510F9013F3BB191F913
:1021300000409C4203D11AB10131013AF4E71AB1CF
:1021400091F90020981A10BD1046FCE703460020C4
:102150001A5C02B970470130FAE7000002440346F6
:10216000934200D1704703F8011BF9E72DE9F843CA
:102170001F4D14460746884695F8242022B9DFF8FB
:1021800070906CB9012009E02B6A03EB8203834253
:10219000F5D0FFF741FF0028F1D10020BDE8F8831A
:1021A00095F824302BB92022FF2148462F62FFF7F3
:1021B000D5FF95F824004146C0F1080205EB8000E8
:1021C000A24228BF2246D6B29200FFF7A1FF95F89F
:1021D0002430A41B17441E449044E4B2F6B2082EE7
:1021E00085F82460CDD1FFF717FF0028C9D1D4E7C7
:1021F00098330020024B1A78024B1A70704700BFC8
:10220000C83300201022002038B51A4C1A4D204641
:1022100003F072FE2946204603F09AFE2D684FF423
:102220007A70D5F89020D2F8043843F00203C2F84F
:102230000438FFF75DFF1149284603F097FFD5F8F2
:1022400090200F4DD2F80438286823F002030D497E
:10225000A042C2F804384FF4E1330B6001D003F020
:10226000A9FD6868A04204D00649BDE8384003F0E3
:10227000A1BD38BDC8420020209C0008289C000851
:1022800014220020CC330020F8B50C4B05460C4E30
:102290001F780C4B56F827209A420DD00A4C00218B
:1022A00018222046FFF75AFF214656F827002560DE
:1022B000BDE8F84003F07EBDF8BD00BFC833002084
:1022C00014220020C8420020CC33002008B571B68B
:1022D000054B1988054B1888FFF77AFD02210E205F
:1022E000FFF776FD61B608BDC0330020C43300207F
:1022F00030B50A44084D914200D130BD11F8013B80
:102300005840082340F30004013B2C4013F0FF0326
:1023100084EA5000F6D1EEE72083B8ED012188422F
:1023200038BF084605F00CB908B105F00DB9704783
:1023300010B5084C01220849002001F0A3FE2378C3
:102340003BB1064803F0A6FC044803F0E1FC00237F
:10235000237010BDE433002018940008C438002016
:102360001C482DE9F041036D2BB901224FF4805137
:10237000503005F031FA184D2B780BB1FFF7D8FF2C
:102380000324164F4FF00008124E14493046C7F888
:10239000048003F0AFFC304603F0DEFA40B1013CAC
:1023A0000C4803F0B5FC14F0FF04EED120460EE01B
:1023B0000B4901220B4801F065FE014618B10548A2
:1023C00003F068FCEBE7084800F010F801202870E3
:1023D000BDE8F081C4380020E4330020342200201E
:1023E00018940008E83300201A9400080FB4002065
:1023F00004B070470068704703460068596870472A
:102400000B0A017043700B0C090E8370C17070478A
:10241000110A027003714170110C120E8170C270AA
:102420001A0A42711A0C1B0E8271C37170470000A8
:10243000C36A0239023B8B4283BF4389006C01FBB4
:102440000300002070470000034600F10B0100204C
:10245000C20142EA500213F8010B50FA82F28B4299
:10246000D0B2F5D17047000010B542780446002084
:10247000013203465201022B17BFC103032341EA75
:102480005001E05C03F101031CBF10FA81F188B236
:102490009A42F0D810BD0000036893B11A4612F8B2
:1024A000011B1F290AD93A29F9D11978302908D1F5
:1024B00002339A4205D1026000207047024B18781F
:1024C00070474FF0FF3070473436002038B50D4666
:1024D000044618B9092000232B6038BD0368002B7F
:1024E000F8D01A78002AF5D08188DA889142F1D1A3
:1024F000587804F095FB10F00100EBD12368EBE76E
:1025000038B5C3780446C3B100F14C05826C012391
:102510004078294604F0AAFB88B9A16CA36B226B12
:10252000CB1AE070934208D2A378022B05D10A445B
:1025300001232946607804F099FB002038BD012072
:10254000FCE7000038B50D4640F25231144602F067
:1025500089F9FF2807D9012C0BD9030A02246870D6
:102560002B70204638BD30B1002CFAD001242870E1
:10257000F7E70024F5E70446F3E700002DE9F84308
:102580000025076806460C468D76836B002B48D0E5
:102590003B78042B4AD12B462E464FF0400821E0D1
:1025A000B8F5187F25D218F01F0F05F1010508BFF7
:1025B00008F1020832F8080008F102082BB900F50A
:1025C000205292B2B2F5006F0BD306F11A01C6F198
:1025D000FF0240EA03402144FFF7B4FF48B106443C
:1025E000002003463A6992F82310A942D8D803B9CB
:1025F00016B93F230126A37600232644B3766373DE
:102600003A69137903F03701DB0621730BD402F129
:102610003800FFF7F1FEC4E9000193896381D38993
:102620002381BDE8F88300200146F4E7C36C013341
:102630004ED1F16B00232E264D1E184615F8012FA2
:102640000130202A0CD0052A08BFE522092804D130
:102650000B2B9EBFE71801337E73E71801337A73A3
:102660000B28EBD1E21800205073A27E002A3BD148
:102670008BB304F10C0308255A78581C002A42D168
:102680001B1B0C3B2AE0B9F1000F05D100F52053CC
:102690009BB2B3F5006F0BD308F11A01C8F1FF022A
:1026A00040EA09402144FFF74DFF40B1804400203B
:1026B00002358146FB68585B0028E4D14046B9F1F9
:1026C000000F4FF0000218BF002023189A76B0E7E1
:1026D000A946A846EEE73F23A37601232344002220
:1026E0009A760B7B03B96373CB7A01F11C0003F07C
:1026F0003F0323730023FFF77DFE20606360CB8AD6
:1027000063810B8B8CE72E2A134609D0413A192A94
:1027100003D80A7B154200D0203343730346ABE74E
:102720001025FAE738B50546002435F8020B08B93C
:10273000204638BD02F0C8F8E303C2B2C0F3072058
:1027400043EA540312FA83F3C3F34E0444EAC33456
:1027500010FA84F4A4B2E8E7C2F307238A76CB76B2
:102760000378032B01BF120C0A75120A4A757047D1
:1027700038B5836C05460C468B4210D0FFF7C0FE7F
:1027800060B92246012305F14C01687804F04AFA49
:1027900000281CBF4FF0FF340120AC6438BD00207E
:1027A000FCE7000038B500230446C3704FF0FF3348
:1027B0008364FFF7DDFF00284BD1B4F84A524AF694
:1027C00055239D4207D10B22254904F14C00FEF709
:1027D00025F900283FD094F84C30EB2B03D0183368
:1027E000DBB2012B2ED84AF655239D4206D1082292
:1027F0001C4904F19E00FEF711F948B3B4F85730B4
:10280000B3F5007F1ED194F85930DBB15A1E1A423D
:1028100018D1B4F85A30ABB194F85C30013B012BBD
:1028200010D8B4F85D306BB1B4F85F307F2B06D8A8
:1028300004F16C00FFF7DEFDB0F5803F02D3B4F881
:10284000623053B94AF65520854214BF0320022056
:1028500038BD0420FCE70120FAE70020F8E700BFBC
:10286000459400085194000802392DE9F04701F021
:1028700007044FF0010A466C05460AFA04F41746AD
:10288000984606EB1136C1F3C809E4B23146284632
:102890000136FFF76DFF18B10120BDE8F0879946BA
:1028A00005EB090292F84C30234214BF01210021AC
:1028B000414513D06340013F82F84C3085F803A0B6
:1028C000EBD0640014F0FF04EAD109F10103012404
:1028D0004FF00009B3F5007FE1D3D7E70220DCE732
:1028E0000129F8B50C4640F28C800668F36A8B42E9
:1028F00040F287803378013B032B00F28280DFE8CF
:1029000003F00229384B01EB5105B16B304601EB66
:102910005521FFF72DFF10B14FF0FF30F8BD6F1CB0
:10292000C5F30805B16B3046354401EB572195F8E6
:102930004C50FFF71DFF0028EED1C7F308073744BE
:1029400097F84C3045EA0320E3074CBF0009C0F379
:102950000B00E3E7B16B304601EB1421FFF708FFF2
:102960000028D9D1640004F4FF743444B4F84C0056
:10297000D4E7B16B304601EBD411FFF7F9FE002824
:10298000CAD1A40006F14C0004F4FE742044FFF701
:1029900031FD20F07040C1E7D0E90431C57953EA38
:1029A000010201D0826802B95DBB8268022D77897D
:1029B000A4EB02020CD1013B41F1FF315B0A43EA77
:1029C000C153B3FBF7F39A421BD81CD0601CA5E798
:1029D000032D02D183699342F8D8C3699BB9B16BC7
:1029E000304601EBD411FFF7C3FE002894D1A000BC
:1029F0004C3600F4FE703044FFF7FCFC20F0004041
:102A00008CE701208AE76FF0004087E7F8B505689A
:102A100006460C462B78042B14BF4FF400124FF0DF
:102A200080528A4201D80220F8BDCA06FBD18268D2
:102A3000016312BB022B12D82B89B3EB541FF2D9BE
:102A4000E86BC6E90D200028EDD000EB54204C3592
:102A5000C4F30804B06300202544F563E4E7EB6B9E
:102A6000C271002BE8D06F891A467F02BC42114622
:102A700005D22846FFF7DCFCE3E71346F3E73046D0
:102A8000FFF72EFF431C024606D00128CBD9EB6A84
:102A90008342C8D9E41BE9E70120C5E701292DE9F4
:102AA000F84306460C46154608D9C36A8B4205D939
:102AB0000378022B5BD003D8012B20D0022068E0E2
:102AC000033B012BFAD8816B01EBD411FFF750FEC9
:102AD00000285ED13346A40013F84C2B04F4FE7496
:102AE000042A07D0181925F07045FFF783FC00F081
:102AF0007040054329461819FFF782FC2BE001EBD3
:102B00005107816B01EB5721FFF732FE002840D1BE
:102B100014F0010406F14C0807F10109C7F3080796
:102B2000EBB230461FBF18F8072002F00F0242EA4E
:102B30000313DBB208F807300123B16BF37001EB2C
:102B40005921FFF715FE20BBC9F308093CB1C5F3B5
:102B5000071508F8095001230020F37019E018F850
:102B60000930C5F3032523F00F031D43F1E7816B03
:102B700001EB1421FFF7FCFD58B9640006F14C038A
:102B800004F4FF741D551A19C5F307250123557068
:102B9000F370BDE8F8830000F8B504460E4617460A
:102BA000E3690BB91846F8BD012BA6EB03052068B5
:102BB00014BFAA1C3A46691CFFF770FF0028F2D127
:102BC000E369013BE361EBE770B5C3790446032B8E
:102BD00001D0002070BD81688369CD18A94202D15F
:102BE0000023E371F5E74E1C20683246FFF756FFDD
:102BF0000028EFD13146F1E701292DE9F8430646D7
:102C00000C461746056802D80220BDE8F883EB6A37
:102C10008B42F9D97AB9A14621463046A046FFF742
:102C20005FFE0446B0B92B78042B02D1002F44D1AB
:102C3000F7710020E9E72B78042B02D1C379022B2E
:102C4000E9D04FF0FF3239462846FFF727FF00282A
:102C5000E1D0DAE70128D7D0421C01D10120D4E726
:102C60002B78042B10D1EA6AAB69023A934213D352
:102C700008F10102A24203D02B78042B13D0A14605
:102C8000EB6AA342C8D8CEE7002241462846FFF7A8
:102C900005FF0028E7D0B8E70133AB612B7943F09B
:102CA00001032B71E4E70023A2EB09024946284601
:102CB000FFF7DAFD0028E2D0A7E7F3798BB9B46813
:102CC000BC4202D10223F371B3E721463046FFF73D
:102CD00007FE012898D9431CC0D001348442EFD0AC
:102CE000A7E7032BA5D1B368BB42A2D8B2691344AE
:102CF000BB42E7D29DE700002DE9F84305460E46AA
:102D0000FFF7FEFB0446002849D105F14C09314686
:102D100028464FF40072FFF78BFB2146A864074654
:102D20004846FFF71BFA6C896402B4F5004F28BFD0
:102D30004FF40044B4F5007F2FD9204604F008FC7E
:102D4000804688B122460026640A0021FFF706FA71
:102D50006B899E420AD3404604F00AFC6889801BB6
:102D600018BF0120BDE8F8836408E3E72346BA19D9
:102D70004146687803F07AFF0028ECD12644E7E763
:102D800001366B899E42E9D20123BA194946687817
:102D900003F06CFF0028F3D0E0E70026F1E7012004
:102DA000E0E70000F8B50446FFF7AAFB0546002857
:102DB00042D12378032B37D12779012F34D104F165
:102DC0004C0601464FF400723046FFF7C7F9552311
:102DD0004122722184F84A32AA2304F50D7084F846
:102DE0004F2084F84B32522384F8301284F84C3050
:102DF00084F84D30612384F8311284F84E3084F821
:102E00003332A16984F83222FFF7FAFA616904F5D6
:102E10000E70FFF7F5FA626B3B463146013260787F
:102E2000A26403F023FF257100226078114603F0AD
:102E300041FF003818BF0120F8BD00002DE9FF4117
:102E400000230F4616460B60FFF726FB051EC0F257
:102E5000B5817E4B53F82540002C00F0B1813C60D9
:102E600006F0FE0623786BB1607803F0D9FEC70741
:102E700008D40EB1460703D4002004B0BDE8F081A9
:102E80000A20FAE7E8B200236070237003F0B4FE72
:102E9000C50700F197810EB14107F1D4002120460A
:102EA000FFF780FC022840F095806E4604F2122362
:102EB00004F25221324618461033FFF79BFA42F8CB
:102EC000040B8B42F7D1002556F8041B002978D05B
:102ED0002046FFF767FC012874D80128A26C40F057
:102EE000BB8004F156010B2311F8015F002D76D150
:102EF0000133402BF8D1B4F8B430B3F5807F6ED1F4
:102F000094F8B830092B6AD104F19400FFF774FAF1
:102F10004FF0FF33161841F10001B34275EB010386
:102F20005DD304F1A000FFF765FA94F8BA3020638E
:102F3000012BA37053D194F8B900834098B26081FB
:102F400000284CD004F1A800FFF754FA804640480E
:102F5000804544D808F1020062639BB2E06204F14C
:102F6000A400FFF747FA871804F19C002764FFF7D5
:102F700041FA024408FB03F0A263C01945EB0503C4
:102F8000864271EB03032AD32E4604F1AC00FFF70F
:102F900031FAE06365B96389B34220D9E16B204619
:102FA000FFF746FA81192046FFF7E2FB80B90136A8
:102FB000631993F84C30812B13D02035C5F30805E5
:102FC000E8E703200135042D7FF47EAF042806D105
:102FD000012052E70428FBD001287FF67EAF0D20A8
:102FE0004BE705F1140004F14C063044FFF702FAF8
:102FF00001280546F3D9E36A8342F0D96189821E2C
:10300000236C02FB01336364A16B204601EBD511F5
:10301000FFF7AEFB0028DBD105F07F0006EB800058
:10302000FFF7E8F9421C03D00135A842ECD0D6E7FF
:103030000425C4E90500074A2570138801339BB2B3
:103040001380E3800023E36116E700BF38360020D9
:10305000FDFFFF7F36360020B4F85730B3F5007F10
:10306000BDD1B4F8621021B904F17000FFF7C2F9C4
:10307000014694F85C5021636B1EA570012BAED8FD
:1030800094F85980A4F80A80B8F1000FA7D008F18D
:10309000FF3313EA080FA2D1B4F85D703B07278114
:1030A0009DD1B4F85F0018B904F16C00FFF7A2F9E4
:1030B000B4F85A30002B92D001FB05FC03EB171E2D
:1030C000E64470458BD3A0EB0E054545B5FBF8F6FD
:1030D00085D33D48864282D84FF6F57086425CD84B
:1030E00040F6F575AE428CBF022501250236134429
:1030F00002EB0E00032DE6626263A36320644ED1EF
:10310000B4F876303B437FF46AAFB30004F1780043
:10311000FFF770F903F2FF13E063B1EB532FFFF4F5
:103120005EAF4FF0FF33032DC4E905334FF080034A
:10313000237180D1B4F87C30012B7FF47CAF511C1B
:103140002046FFF715FB00287FF475AFB4F84A223C
:103150004AF6552320719A427FF46DAF1B4B04F160
:103160004C00FFF747F998427FF465AF03F1FF5336
:1031700004F50C70FFF73EF903F500532033984235
:103180007FF459AF04F50D70FFF734F9A06104F531
:103190000E70FFF72FF960614DE70325A6E7002FBA
:1031A0003FF41DAF022D03EB0C004FEA46031EBF98
:1031B0009B1906F0010606EB5303ABE70B205CE618
:1031C0000C205AE6032058E6F5FFFF0F52526141EA
:1031D0002DE9F84F06460568884649B96F69C7B1B9
:1031E000EB6ABB4298BF0127AB69A3B9002405E095
:1031F000FFF776FB0128044603D801242046BDE8EA
:10320000F88F421C00F0D580EB6A8342F6D847461F
:10321000EAE70127E8E72A78EB6A042A40F083808E
:10322000A7F1020A023B4FF0010B9A4528BF4FF06D
:10323000000AD146696C284601EB1931FFF798FA6C
:1032400000283BD109F00703EA6AC9F3C8010BFA69
:1032500003F3901EDBB26A184C4609F1010992F89B
:103260004C20814502EA030233BF5B0000234FF488
:103270000071DBB228BF9946B2B90234631E033332
:10328000BCD80123214628461A46FFF7EDFA02284A
:10329000B3D0012800F08D80B8F1000F13D10223C4
:1032A000F3710028A9D130E0CA450AD0002BD2D151
:1032B0000131B1F5007FBDD20123CCE74FF0FF34DF
:1032C000DCE70024DAE7F379022B07D17B1CA34269
:1032D000E7D0B368FB1AB3610323F37108F101026D
:1032E000F369A24205D113B10133F361D9E7022397
:1032F000FBE70BB90123F361224641463046FFF755
:103300004BFC002852D10123F361EA6AAB69023A0F
:103310006C6193429CBF03F1FF33AB612B7943F0A7
:1033200001032B716AE7474515D17C1C3046A34247
:1033300098BF02242146FFF7D3FA01283FF45DAF7E
:10334000431C36D0F8B1D5F81490B9F1010F02D969
:10335000EB6A994500D3B9464C460134EB6AA34267
:1033600004D8B9F1010F3FF441AF022421463046A1
:10337000FFF7B6FA48B101283FF43FAF013018D04B
:103380004C45EAD132E7002CE5D04FF0FF32214620
:103390002846FFF783FB48B9B8F1000FB5D02246A5
:1033A00041462846FFF77AFB0028AED001287FF47B
:1033B00024AF4FF0FF3421E72DE9F84306680446B7
:1033C000076B894633782037042B14BF4FF4001362
:1033D0004FF08053BB429CBF00238363836B73B168
:1033E000C7F30808B8F1000F3CD10133416B836388
:1033F00041B93389B3EB571F34D80023A3630420AA
:10340000BDE8F8837389013B13EA57232AD1FFF7FC
:1034100067FA0128054601D80220F1E7421C01D1D4
:103420000120EDE7F36A834216D8B9F1000FE4D02A
:10343000616B2046FFF7CCFE0546C8B10128EBD0F2
:10344000431CEDD001463046FFF756FC0028E7D17B
:10345000E37943F00403E371294630466563FEF7E0
:10346000E7FFA0634C36002027634644E663C7E7C6
:103470000720C5E7F8B50E46002104460768FFF7A8
:10348000C5FA98B90546A16B3846FFF771F968B9D6
:103490003A78E36B042A1B780CD11B060ED505463F
:1034A00001212046FFF788FF0028ECD0042808BF40
:1034B000072006E0E52B01D0002BF0D10135B54205
:1034C000EED1F8BDC16CF8B54B1C04460568066B1F
:1034D0001CD10127A16B2846FFF74AF990B92B7838
:1034E000E26B042B0ABF1378E52303F07F0313700C
:1034F000EF70236BB3420DD200212046FFF75CFF33
:103500000028E7D0042808BF022003E0FFF77EFA76
:103510000028DED0F8BD0000F8B504460068A16BB5
:103520000569FFF725F920B9E36B1A78852A01D0E0
:103530000220F8BD2A4603F1200153F8040B8B4208
:1035400042F8040BF9D16E7801367601A6F16003DA
:10355000B3F5007FECD800212046FFF72DFF0428AB
:10356000E6D00028E5D1A16B2068FFF701F900281B
:10357000DFD1E36B1A78C02ADAD105F1200203F11A
:10358000200153F8040B8B4242F8040BF9D195F853
:1035900023300F222C33B3FBF2F3B6EB431FC7D318
:1035A000402700212046FFF707FF0428C0D000284D
:1035B000BFD1A16B2068FFF7DBF80028B9D1E36B1E
:1035C0001A78C12AB4D1EA1903F1200153F8040B87
:1035D0008B4242F8040BF9D12037BE42E1D828468D
:1035E000FEF742FF6B88181A18BF01204000A0E7C1
:1035F0000B68002210B5036004460B6A83604B6AB7
:10360000C261C37123F0FF03896AC0E90432C16457
:10361000FFF7FCF920B92046BDE81040FFF77CBF5A
:1036200010BD0000F8B50368054601271C69204657
:10363000FEF71AFFA070000A6678E0702846E96C71
:10364000FFF7E4F920B1022828BF0220C0B2F8BD7C
:10365000A96B2868FFF78CF80028F4D1EB6B04F114
:10366000200254F8041B944243F8041BF9D12B6840
:10367000DF70002EE7D000212846013EFFF79CFEB8
:10368000E0E700002DE9F843FF2704460668042020
:103690003D46A16B11B9D8B1042062E03046FFF776
:1036A00067F800285DD1E06B0378002BF4D0327806
:1036B000042A10D1852B4ED1236B2046E364FFF7FB
:1036C0002BFF00284DD133691B7903F03F03A37111
:1036D0000020BDE8F883C27AE52B02F03F02A27118
:1036E00044D02E2B42D022F0200108293ED00F2AB0
:1036F00041D1590638D503F0BF05236B477BE364FE
:10370000437BBB4232D1428B82BB03780D21D6F87A
:103710000CE04FF6FF7923F04003DFF86C80013BAB
:103720004B43012118F801CB30F80CC001B3FF2B3B
:103730001CD82EF813C06146013301320D2AF1D195
:103740000278520605D521B1FF2B0FD800222EF8A2
:103750001320013DEDB200212046FFF72DFE002889
:1037600097D00023A363B4E7AB42C9D0FF25F2E7AB
:10377000CC45E2D0FAE71DB9FEF766FEB842A7D005
:103780004FF0FF33E364A3E7789500082DE9F04F8D
:10379000002187B00446D0F80090FFF737F9804643
:1037A00098BB99F80030042B36D1D9F80C00FEF7FD
:1037B000B9FF07462046FFF765FF054608B180467A
:1037C00023E0D9F810309A8CBA42F3D193F823B0A1
:1037D00040265D4510D0F106D9F8103008BF0236FA
:1037E000985B01F071F8D9F80C30824633F8150077
:1037F00001F06AF882450CD0EBB29B45DAD1D9F8DA
:103800000C3033F81530002BD4D1404607B0BDE85A
:10381000F08F02360135DCE74FF0FF334FF0FF0A3F
:10382000E364554604F140030293A16B4846FEF75A
:103830009FFF00285DD1E66B3778002F77D0F27AB2
:10384000E52F02F03F03A37103D0120705D50F2B1C
:1038500005D04FF0FF33E3644FE00F2B54D194F8C1
:103860004B305B063FD4780645D5236B07F0BF0786
:1038700096F80DA0E364737B53453ED1738B002B08
:103880003BD135780122D9F80C3005F03F05DFF83F
:10389000A8B001930D23013D5D431BF8013BF35A92
:1038A0006AB3FF2D29D81846059301F00DF8019B46
:1038B000691C049033F81500039101F005F8049A8F
:1038C00082421AD1059B03991A460D46194B9B4516
:1038D000E3D13378590604D51AB1019B33F815307A
:1038E0005BB9013FFDB200212046FFF765FD0028CE
:1038F0009BD0804689E7BD42BDD0FF25F3E74FF658
:10390000FF718B42E2D0F8E72DB93046FEF79CFDFF
:1039100050453FF47AAF94F84B30DB0799D40B2233
:1039200002993046FDF77AF8002892D16DE74FF002
:1039300004086AE785950008789500082DE9F04F9E
:1039400090F84BB099B004461BF0A00540F06B8195
:103950000668F26832F81530002B4AD13378042B10
:1039600040F086800F230E352046B5FBF3F5A91CE9
:10397000FFF780FD8146002874D10135236BA3EB4E
:103980004513E364E3795F0735D523F0040320464C
:10399000E371FFF719F950BB4FF0FF32616B20461E
:1039A000FFF7FAF818BBA3682BB3214604A8FFF76A
:1039B0001FFEE0B970894FF40071D4E90423E0FBE5
:1039C00001233069C4E904233830FEF721FD306952
:1039D000D4E904232830FEF71BFDE379326904A8FB
:1039E00043F0010382F82130FFF71CFE18B1814635
:1039F00038E00135AEE7D6E903543F220021671CC9
:103A00003846FEF7ABFB8523012040222370C023FC
:103A10004FF0C10E84F82030002319469846561CFA
:103A200004F802E0023204F8068020B135F81300F1
:103A300008B10133DBB2060AA054BE540232D606E6
:103A4000F3D135F8136001F1010C7EB9023128463B
:103A500084F823306170FEF765FE84F82400000AC4
:103A600084F82500484619B0BDE8F08F6146D6E7D6
:103A700004F140070DF110081BF0010F97E8070053
:103A800088E8070000F0D78040234FF0010A84F84F
:103A90004B30BC46F368BAF1050F98E80700ACE874
:103AA00003002CF8022B4FEA12428CF800205DD95B
:103AB000981E524630F8021F002946D1C4460721FD
:103AC00002F00F0E914612090EF13000392888BF1E
:103AD0000EF1370001390CF8010D02D0B9F10F0FCA
:103AE000EED801F160037E200DEB030202F8580CC2
:103AF00004F13F0000228A4206D010F801CF02F103
:103B0000010EBCF1200F33D13F3204F1470C2244A7
:103B1000072997BF01F16003202001310DEB03005D
:103B200098BF10F8580C02F8010F9445F0D12046C8
:103B3000FFF72CFE8146002878D10AF1010ABAF17C
:103B4000640FA6D14FF007098CE74FF0100C01F07D
:103B5000010E49080EEB4202D30344BF82F48832BF
:103B600082F02102BCF1010CF1D1A3E75246A5E796
:103B70007246C0E7216B2046A1EB4511FEF746FFD8
:103B8000814600287FF46EAF4FF6FF783846FEF787
:103B90005BFC0190A16B3046FEF7EAFD81460028F0
:103BA0007FF460AFE36BE9B2019A4FF00D0CD6F8E9
:103BB0000CE05A734FF00F02DFF8E0A0DA724A1EF1
:103BC00018730CFB02F284469876D87640451AF8B2
:103BD000019B0CF1010C18BF3EF8120003EB090B1E
:103BE00018BF013203F809004FEA1029002808BF66
:103BF0004046BCF10D0F8BF80190E7D1404502D053
:103C00003EF812200AB941F0400119700123002149
:103C10002046F370FFF7D0FB814600287FF422AFE7
:103C2000013DB7D11BE04FF006091BE704287FF4E4
:103C300019AF84F84BB01BF0020F20461BBF0C35A8
:103C40000D230125B5FBF3F518BF01352946FFF714
:103C500011FC814600287FF405AF013D8AD1A16B9C
:103C60003046FEF785FD814600287FF4FBAE014615
:103C70002022E06BFEF772FAE36B03CF1860596005
:103C8000BA7839889A72198194F84B30E26B03F054
:103C9000180313730123F370E4E600BF789500085E
:103CA00010B504460A463430FEF7A4FB886004F1E0
:103CB0003800FEF7A1FBC2E9040194F8213003F0BB
:103CC0000203D3710023D36110BD000003284B8B86
:103CD00004BF8A8A43EA0243184670472DE9F04F31
:103CE0000B7899B0054689462F2BD0F800B001D04B
:103CF0005C2B09D14A461378914601322F2BFAD01A
:103D00005C2BF8D0002301E0DBF81C300022AB6014
:103D1000EA619BF80020042A1ED1EBB1DBF82030C9
:103D2000294604A82B62DBF824306B62DBF82830CC
:103D3000AB62FFF75DFC0346002840F04B81DBF8E7
:103D4000102002F13800FEF755FBC5E9040392F894
:103D5000213003F00203EB7199F800301F2B00F2C1
:103D6000F88080230021284685F84B3019B0BDE843
:103D7000F04FFEF74BBE2F2800F075815C2800F055
:103D800072817F2808D801469B480093FCF7CCFC41
:103D9000009B002840F02B81FF2F00F0288123F8A2
:103DA00017400137D8E0022F03D15A882E2A00F09D
:103DB000E68003EB470206E032F8021D202901D01D
:103DC0002E2902D1013F002FF6D14FF0000103EB65
:103DD000470223F81710002F00F00981002033F864
:103DE000106001460130202EF9D009B92E2E02D1E3
:103DF00044F00304E4B232F8020D2E2801D0013F52
:103E0000F9D14FF020324FF0000A6A64D0462A649C
:103E1000C5F847200822481C33F811600090002E96
:103E200000F0FA80202E04D02E2E07D1B84200F0E8
:103E3000E98044F00304E4B20099ECE7924580F095
:103E4000E4800099B94213D10B2A08D1E0E000992F
:103E5000B94204D044F00304E4B200F2DD804FEA3A
:103E600088080B224FF0080A00975FFA88F8E3E70A
:103E70007F2E3ED944F002013046CDE90232CBB26A
:103E800040F25231019300F0EDFC10F0800F064635
:103E9000DDE9023214D000F07F0658498E5D46B14C
:103EA00031465748CDE90232FCF73EFCDDE90232EB
:103EB00008B301995F2641F00301C9B2019110E0F6
:103EC000FF28ECD9511E8A4504D344F003049246DE
:103ED000E4B2B1E705EB0A01000A0AF1010A81F830
:103EE000400005EB0A01019C0AF1010A81F84060DB
:103EF000A2E70194D4E7A6F1410189B2192902D8B9
:103F000048F00208EDE7A6F1610189B219299EBFC8
:103F1000203E48F00108B6B2E3E7002A08BF0520BA
:103F200058E05A0755D4AB79DB0662D59BF8000000
:103F3000042852D1AB682946EA792B622B69DBF859
:103F4000100023F0FF0313436B62EB6CAB62FFF7CF
:103F5000A7FE2B680027DB6819F8010B58B140F267
:103F60005231009300F09CFC044600283FD01F28EB
:103F7000009B3FF600AF0424012F7FF414AF1A8892
:103F80002E2A7FF416AF002205F13F0123F81720F7
:103F900013469F4294BF20222E2201330B2B01F89F
:103FA000012FF6D144F02004E4B2284685F84B40B6
:103FB000FFF7ECFB95F84B300028B2D0042809D16C
:103FC000990603F00402A8D5002AC2D0802385F800
:103FD0004B30002019B0BDE8F08F2B6B0BF14C017A
:103FE000C3F308031944FFF771FEA860B1E7062088
:103FF000F0E70520EEE700BF5A940008F8940008A7
:10400000639400089245FFF41FAF0B2A7FF41FAFA3
:1040100044F003040B22E4B295F84030E52B04BFD2
:10402000052385F84030082A04BF4FEA88085FFA64
:1040300088F808F00C030C2B03D008F00303032BC3
:1040400002D144F00204E4B2A007AED448F3000366
:1040500018F0040F03F0100343EA0403DCB218BFA6
:1040600044F00804A1E74A461478914601322F2C07
:10407000FAD05C2CF8D01F2C8CBF00240124A400A3
:104080007AE700BF1FB5CDE9001003A814460391DD
:10409000FEF702FA002815DB0B4A52F820300BB16C
:1040A00000211970019B0BB10021197042F82030DA
:1040B0002CB1002201A96846FEF7C0FE0446204646
:1040C00004B010BD0B24FAE7383600202DE9F04F7C
:1040D00099B0174605460191002800F0428102F090
:1040E0003F0A03A901A85246FEF7A8FE044600288D
:1040F00040F0E280039E4FF48C60049603F028FAAF
:104100008046002800F02F8100F50073F0600199CF
:1041100004A83361FFF7E2FD044620B99DF95B3046
:10412000002BB8BF062417F01C0F00F08680002C6F
:1041300047D0042C40F0BC8004A8FFF7FFFB0446E6
:10414000002840F0B5804AF0080A1AF0080F3378CA
:104150007FD0042B3FD1346929462E602046FFF7DB
:104160009FFD1E220021A01CFDF7F8FF30690021F1
:104170001A222630FDF7F2FF336920221A713469C2
:1041800003F022FA0146012208342046FEF738F9EE
:10419000336904A883F82120FFF744FA0446002875
:1041A00040F08680A96849B102462846FEF724FD02
:1041B000AF680446013F7761002C79D14AF0400A8C
:1041C00047E09DF8163013F0110F40F0C6807C07D1
:1041D000BBD508246CE003F0F7F9024601461398BA
:1041E0000E30FEF70DF9139811461630FEF708F958
:1041F00013993078FFF76AFD202300220746CB721F
:1042000030461399FEF7A8FA139B00221A775A77C3
:104210009A77DA770123F370002FCFD0394604A8BC
:10422000D6F84890FEF7E8FC0446002840D14946FD
:104230003046FEF79DFA0446BCE7002C38D19DF8C5
:104240001630D80600F18780B90702D5DA0700F1E9
:104250008480B36C1399AB64E9643078042831D15D
:10426000069B29469DF817202B62089B306923F096
:10427000FF0313436B62179BAB62FFF711FDF388DB
:104280000024002205F15009AB8000232146484656
:104290002E6085F830A085F831406C64C5E90E23A6
:1042A0004FF40072FDF75AFF1AF0200F15D10024C9
:1042B000404603F05DF90CB100232B60204619B095
:1042C000BDE8F08FFFF702FD0023A86001F11C009C
:1042D000FEF790F86B612861D1E7D5E9047A57EAD7
:1042E0000A03E4D0B6F80AB0A9684FEA4B2BBB45E5
:1042F00074EB0A03C5E90E7A10D22846FEF7F0FAED
:10430000B7EB0B0701466AF1000A01281FD9431CCD
:104310001FD0BB4574EB0A03EFD300242964002CA3
:10432000C6D1C7F30803002BC1D03046FEF780F892
:10433000A8B17F0A0123494647EACA57C2196A64ED
:10434000707802F06FFC041E18BF0124B0E702244D
:10435000E4E70124E2E70424AAE70724A8E702240B
:10436000A6E70924AAE71124A8E700002DE9F04FE9
:104370009A4687B00023884605A90446CAF800304B
:104380001646FEF7A3F8054690BB94F831507DBB66
:1043900094F8303013F00103019300F0AB80D4E9BE
:1043A0000432D4E90E011B1A62EB0102B34272F12E
:1043B000000238BF1E4604F150030293C6B1D4E98F
:1043C0000E01C0F30803002B40F08580DDF8149047
:1043D000430AB9F80A2043EAC153013A1A401AD1F4
:1043E000014309D1A06801280DD8022584F8315075
:1043F000284607B0BDE8F08F216C20460392FEF7F7
:104400006FFA039AEFE7431C04D10123019D84F85E
:104410003130EDE72064216C4846FEF709F80028AA
:10442000E3D0B6F5007F02EB000733D3B9F80A10EA
:1044300002EB56204FEA562B884299F8010088BFBC
:10444000A1EB020B3A4641465B4602F0EBFB00282B
:10445000DBD194F93020002A0BDA606CC01B584580
:1044600007D24FF4007204F1500108EB4020FDF731
:104470004FFE4FEA4B27DAF80030F61BB8443B44B6
:10448000CAF80030D4E90E32DB1942F10002C4E967
:104490000E3293E7626CBA421CD094F9303004F1CA
:1044A000500199F80100002B0CDA0123039102F06E
:1044B000DDFB0028A9D194F83030039903F07F0385
:1044C00084F8303001233A4699F8010002F0AAFB43
:1044D00000289AD16764A16B4046029BC1F3080192
:1044E000C1F500771944B74228BF37463A46FDF771
:1044F0000FFEC0E707257BE770B596B00E46002299
:10450000019002A901A8FEF799FC0446E0B94FF416
:104510008C6003F01DF80546D8B1029B00F50072CF
:104520000199D86002A81A61FFF7D8FB044640B988
:104530009DF95330002B0ADB1EB1314602A8FEF76D
:104540001DF8284603F014F8204616B070BD062466
:10455000F7E71124F8E700002DE9F041B8B0022296
:10456000019003A901A8FEF769FC044608BB039E5D
:104570004FF48C60109602F0EBFF0546002865D0E2
:1045800000F50073F060019910A83361FFF7A6FBF6
:10459000044658B99DF88B309A0655D41B0653D45F
:1045A0009DF8468018F0010F07D00724284602F036
:1045B000DFFF204638B0BDE8F08134780496042C43
:1045C00013D104A93069FFF76BFB069F18F0100F99
:1045D00011D110A8FEF776FF04460028E6D157BB9C
:1045E0003046FEF7DFFB0446E0E71F992046FFF761
:1045F0006DFB0746EAE7F369BB42D6D0042C4FF0C7
:10460000000124A82496269701BFDDE90823CDE9FF
:1046100028239DF817308DF89730FEF7F7F90446F8
:104620000028C3D124A8FFF72DF804460028BCD0E9
:104630000428BBD1CDE70246394604A8FEF7DCFAD0
:1046400004460028B2D1CBE70624AFE71124B0E737
:104650002DE9F041BCB0CDE900106846FDF71CFF24
:10466000022203A901A8FEF7E9FB0446002840D175
:10467000039E4FF48C60149602F06AFF05460028F2
:1046800000F0ED8000F5007314AFF060019938463A
:104690003361FFF723FB044640BB9DF89B3013F0CA
:1046A000A00F40F0D8803378DDF80080042B67D16C
:1046B000336904AC03F1400C1868083353F8041C48
:1046C0002246634503C21446F6D15022394628A833
:1046D000FDF71EFD414628A8FFF700FB0446002811
:1046E0004BD12A9A169B9A4207D00824284602F0FA
:1046F0003FFF20463CB0BDE8F081349A209B9A42AF
:10470000F3D128A8FFF71AF904460028EED133693F
:104710000DF1100C93F8018093F823E09C8C624615
:10472000083303CABA4243F8080C43F8041C944601
:10473000F5D1336928A883F80180336983F823E031
:10474000336983F82440240A83F8254032691379B9
:10475000D9065CBF43F020031371FEF763FF0446E4
:104760000028C3D13846FEF7ADFE04460028BDD16F
:104770003046FEF717FB0446B8E70428B6D1C0E779
:10478000239A04AB02F1200C1068083252F8041C82
:104790001C46624503C42346F6D15022394628A858
:1047A000FDF7B6FC414628A8FFF798FA0446002812
:1047B0004DD12A9A169B9A4297D1349A209B9A42BD
:1047C00093D128A8FFF7BAF8044600288ED137996C
:1047D0000DF11D030DF12D0001F10D0253F8044BF5
:1047E000834242F8044BF9D118884FF00108108039
:1047F0009B7893709DF81B30DA0658BF43F0200376
:10480000CB7286F80380CB7ADB06ABD5169A2A9B4F
:104810009A42A7D03078FFF759FA01463046FDF7A3
:1048200007FE0146C8B13046FDF7A2FF0446002846
:104830007FF45CAF96F86D302E2B93D12A9A06F157
:104840006C013046FDF788FF86F803808AE704286C
:104850007FF44CAFB5E7062448E7022446E711246D
:1048600047E700007F2801D880B27047B0F5803F4D
:1048700011D240F2523399420DD1084A002332F846
:10488000021B814201D19BB202E00133802BF6D1A1
:104890008033D8B270470020704700BF38980008B6
:1048A0007F280DD940F25233994208D1FF2806D80B
:1048B00000F10040034B803833F8100070470020AF
:1048C000704700BF38980008B0F5803FF0B522D29D
:1048D00083B21F4A1F49B3F5805F38BF0A46141DD3
:1048E00034F8042C2146AAB1934213D334F8025C65
:1048F0002E0AEFB252FA85F5A84223DA082E09D81B
:10490000DFE806F0050A10131517191B1D00801AA1
:1049100034F810301846F0BD9A1A02F001029A1AC3
:1049200093B2F7E7103B9BB2F4E7203BFBE7303B49
:10493000F9E71A3BF7E70833F5E7503BF3E7A3F550
:10494000E353F0E70434002ECAD101EB4702C6E777
:10495000889500084496000808B5074B074A19686F
:1049600001F03D01996053680BB190689847BDE82C
:10497000084003F025B800BF000002403C3600208C
:1049800008B5084B1968890901F03D018A019A6050
:10499000054AD3680BB110699847BDE8084003F099
:1049A0000FB800BF000002403C36002008B5084B9D
:1049B0001968090C01F03D010A049A60054A53691F
:1049C0000BB190699847BDE8084002F0F9BF00BFFD
:1049D000000002403C36002008B5084B1968890DDC
:1049E00001F03D018A059A60054AD3690BB1106A4E
:1049F0009847BDE8084002F0E3BF00BF0000024056
:104A00003C36002008B5074B074A596801F03D01C4
:104A1000D960536A0BB1906A9847BDE8084002F02C
:104A2000CFBF00BF000002403C36002008B5084B55
:104A30005968890901F03D018A01DA60054AD36AA3
:104A40000BB1106B9847BDE8084002F0B9BF00BF3A
:104A5000000002403C36002008B5084B5968090C9C
:104A600001F03D010A04DA60054A536B0BB1906B0B
:104A70009847BDE8084002F0A3BF00BF0000024015
:104A80003C36002008B5084B5968890D01F03D01FE
:104A90008A05DA60054AD36B0BB1106C9847BDE804
:104AA000084002F08DBF00BF000002403C360020ED
:104AB00008B5074B074A196801F03D019960536C2E
:104AC0000BB1906C9847BDE8084002F079BF00BF79
:104AD000000402403C36002008B5084B19688909DB
:104AE00001F03D018A019A60054AD36C0BB1106D4B
:104AF0009847BDE8084002F063BF00BF00040240D1
:104B00003C36002008B5084B1968090C01F03D013E
:104B10000A049A60054A536D0BB1906D9847BDE841
:104B2000084002F04DBF00BF000402403C360020A8
:104B300008B5084B1968890D01F03D018A059A6096
:104B4000054AD36D0BB1106E9847BDE8084002F0DE
:104B500037BF00BF000402403C36002008B5074BB9
:104B6000074A596801F03D01D960536E0BB1906E50
:104B70009847BDE8084002F023BF00BF0004024090
:104B80003C36002008B5084B5968890901F03D0101
:104B90008A01DA60054AD36E0BB1106F9847BDE801
:104BA000084002F00DBF00BF000402403C36002068
:104BB00008B5084B5968090C01F03D010A04DA6098
:104BC000054A536F0BB1906F9847BDE8084002F05B
:104BD000F7BE00BF000402403C36002008B5084B79
:104BE0005968890D01F03D018A05DA60054AD36FE5
:104BF00013B1D2F880009847BDE8084002F0E0BE4B
:104C0000000402403C36002000230C4A10B519462F
:104C10000B4C42F8043B54F82300016042F8131097
:104C20000433402BF7D1074A4FF0FF339360D36032
:104C3000C2F80834C2F80C3410BD00BF3C36002066
:104C4000389900080000024011282DE9F0418846FB
:104C500011D004D8102810D10F24002003E012280E
:104C600007D10F2407202D4F4FF0010C3D68A042C3
:104C700005D900204DE00724EFE70446F3E70CFADE
:104C800000F6354247D107EBC0043543C4E90123A0
:104C9000F3B23D6073B1224BD3F8D84044F0010425
:104CA000C3F8D840D3F8004144F00104C3F80041F0
:104CB000D3F8003116F47F4F0ED0194BD3F8D840FB
:104CC00044F00204C3F8D840D3F8004144F0020491
:104CD000C3F80041D3F800310501124C635918683C
:104CE00020F01F001860186810F00100FBD1661951
:104CF0004FF03D0C96F80CE071680CFA0EF70F605F
:104D00001860212058611AB14146B07B00F054FC74
:104D10006019BDE8F0810130A9E700BF3C360020F2
:104D2000004402583899000810B5302484F31188E3
:104D3000FFF78AFF002383F3118810BD10B50446E6
:104D4000807B00F04FFC1649637B01229A400B6880
:104D500023EA0203DAB20B6072B9124AD2F8D81011
:104D600021F00101C2F8D810D2F8001121F00101A0
:104D7000C2F80011D2F8002113F47F4F0ED1094B75
:104D8000D3F8D82022F00202C3F8D820D3F80021AB
:104D900022F00202C3F80021D3F8003110BD00BF99
:104DA0003C3600200044025808B5302383F31188B4
:104DB000FFF7C4FF002383F3118808BD836CC26A28
:104DC0008B42506806D9013B4A0003EB4103B3FB19
:104DD000F2F318447047000001F001038A0748BF4E
:104DE00043F002034A0748BF43F008030A0748BFDD
:104DF00043F00403CA0648BF43F010038A06426B1F
:104E000048BF43F020031A434263704710B5074C74
:104E1000204600F063FF064B0022C4E91023054B37
:104E2000A364054BE363054BE36410BDC438002065
:104E30000070005200B4C404C4360020C036002004
:104E4000C36A0BB9104BC3620379012B11D10F4B0D
:104E500098420ED10E4BD3F8D42042F48032C3F8DE
:104E6000D420D3F8FC2042F48032C3F8FC20D3F8DD
:104E7000FC30436C00221A65DA621A605A605A628A
:104E80004FF0FF329A637047389A0008C438002008
:104E9000004402580379012B1BD0436C00221A6591
:104EA000DA621A605A605A624FF0FF329A63094B15
:104EB00098420ED1084BD3F8D42022F48032C3F8A4
:104EC000D420D3F8FC2022F48032C3F8FC20D3F89D
:104ED000FC307047C43800200044025810B5446CC0
:104EE0000649FFF76BFF6060236842F2107043F0E1
:104EF00003032360BDE8104001F0F8BC801A0600EF
:104F000070B5456C0129074E6C6808BF064904EA74
:104F1000060418BF0549FFF751FF044344F48054C9
:104F20006C6070BD00ECFFFF80F0FA0240787D01FC
:104F3000436C00225A601A6070470000426C0129DD
:104F4000536823F4404304D0022905D001B95360CB
:104F5000704743F48043FAE743F40043F7E7000067
:104F6000436C41F480519A60D9605A6B1206FCD5AB
:104F700080229A637047000010B541F48851446C58
:104F8000A260E160616B11F04502FBD0A26311F0F9
:104F9000040203D0FFF720FF012010BD6169104615
:104FA0001960FAE710B541F48851446CA260E160E1
:104FB000616B11F04502FBD0A26311F0050203D032
:104FC000FFF70AFF012010BD616910461960FAE77A
:104FD0002DE9F041302304460F46164683F311882D
:104FE000436CDB6B23B14FF0FF31403001F08AFCA2
:104FF000606C00220265C263C262456B15F4807565
:1050000004D185F311880120BDE8F0814FF0FF3312
:10501000836382F31188012F06D9334620460C2181
:10502000BDE8F041FFF7BEBF1046EDE72DE9F041C6
:10503000446C0F4600251646616BA1632565E56249
:10504000FFF7CAFE012F06D933462A460C21BDE8D8
:10505000F041FFF7A7BFBDE8F081000010B541F4B3
:105060009851446CA260E160616B11F04502FBD085
:10507000A26311F03F0203D0FFF7AEFE012010BD86
:10508000216A10461960E1695960A16999606169F6
:10509000D960F4E72DE9F34104460191006D01A9BF
:1050A00016461F4602F0B0FB00284BD0636C4FF44D
:1050B0007A72A06C5D68DDF80480C5F309050135DE
:1050C0006D00B0FBF5F0B0FBF2F0504358622046A3
:1050D00000F0C2FD60BB636C4FF0FF32E56C3946F7
:1050E000C3F858804FF001082046C3F850809A63F7
:1050F0004FF49572DA6342F207029E62DA622B463F
:10510000089AFFF74FFF98B92A680F4B13407BB9F5
:105110002A4641462046FFF75BFF054640B9324626
:105120000199206D02F0AAFB284602B0BDE8F0818B
:1051300032460199206D02F0A1FBE26C012120466C
:10514000FFF774FF0125EFE708E0FFFD2DE9F743C6
:105150001F46436C856C04465E68884601924FF496
:105160007A72C6F3090601367600B5FBF6F5B5FB93
:10517000F2F555435D6200F06FFD002847D14FEA1C
:10518000472901A9206D4A4602F03EFB00283ED087
:10519000656C019BE66CAB6501232B654FF0FF331B
:1051A000AB634FF49573EB63236BC5F82890DB0674
:1051B000334658BF4FEA4828012F42461BD91221D7
:1051C0002046FFF7EFFEC0B93268124B1340A3B977
:1051D00042F29303324639462046EB62FFF7F8FE6F
:1051E000054650B94A460199206D02F047FB284612
:1051F00003B0BDE8F0831121E2E74A460199206D32
:1052000002F03CFBE26C39462046FFF70FFF012518
:10521000EDE700BF08E0FFFD2DE9F3411F46436CB9
:10522000856C04465E68884601924FF47A72C6F334
:10523000090601367600B5FBF6F5B5FBF2F55543E8
:105240005D6200F009FD002843D17E0201A9206DB6
:10525000324602F021FB00283BD0656C019BAB6518
:1052600001232B654FF0FF33AB634FF48D73EB637A
:10527000236BAE62DB06E66C58BF4FEA4828012F6D
:10528000334642461AD919212046FFF78BFEB8B99A
:105290003268114B13409BB942F2910332463946B2
:1052A0002046EB62FFF794FE054648B90199206D50
:1052B00002F030FB284602B0BDE8F0811821E3E798
:1052C0000199206D02F026FBE26C39462046FFF77B
:1052D000ADFE0125EEE700BF08E0FFFD12F0030F71
:1052E0002DE9F04107460C4615461E4617D00E44E0
:1052F000B44202D10020BDE8F0810123FA6B2146BF
:105300003846FFF723FF0028F5D128464FF40072F6
:10531000F96B05F500750134FCF7FAFEE8E7BDE826
:10532000F041FFF713BF000012F0030F2DE9F04129
:1053300007460C4615461E4617D00E44B44202D10D
:105340000020BDE8F08129464FF40072F86B05F5A6
:105350000075FCF7DDFE0123FA6B21463846FFF7A6
:105360005BFF0028EDD10134E8E7BDE8F041FFF72D
:1053700053BF000000207047302310B583F311881D
:105380000024436C40302146DC6301F0C9FA84F309
:10539000118810BD026843680A43026003B11847D0
:1053A00070470000024A136843F0C003136070475F
:1053B0000078004013B50E4C204600F0EFFC04F1DD
:1053C000140000234FF400720A49009400F080F9A1
:1053D000094B4FF40072094904F13800009400F0C1
:1053E000F9F9074A074BC4E9172302B010BD00BF03
:1053F000183D0020183B0020A55300081839002054
:105400000078004000E1F505264B30B5002914BFB7
:105410000C461C46037C012B11D1234B98420ED124
:10542000224BD3F8E82042F08042C3F8E820D3F8BA
:10543000102142F08042C3F81021D3F810312268C5
:10544000036EC16D03EB52038466B3FBF2F3626833
:10545000150442BF23F0070503F0070343EA4503A1
:10546000CB60A36843F040034B60E36843F0010363
:105470008B6042F4967343F001030B604FF0FF33EF
:105480000B6251050AD512F0102209D0B2F1805FEB
:1054900014BFFF233F2380F8643030BDFF23FAE7B9
:1054A0007F23F8E7409A0008183D00200044025886
:1054B0002DE9F047C66D04463768F5692A0735625D
:1054C00019D045F30001C5F3C00301F0200141EA02
:1054D0000321AB074FF0300348BF41F0400168079C
:1054E00048BF41F0800183F31188201DFFF752FF70
:1054F000002383F31188EA050AD5302383F311884A
:105500004FF48061201DFFF745FF002383F31188CE
:105510004FF030094FF0000A0BE089F31188736AED
:10552000204694F86410194000F052FC8AF3118868
:10553000F56915F02008F0D13B0616D54FF0300A7A
:1055400004F13809280610D58AF31188484600F07E
:1055500075F9002829DA0821201DFFF71BFF27F025
:1055600080033360002383F31188790614D56A061B
:1055700012D5302383F31188D4E913239A4208D13A
:10558000236C33B127F040071021201DFFF702FFE5
:105590003760002383F31188EB060BD5A26E1369E5
:1055A00043B15069BDE8F0471847B06288F31188ED
:1055B000F569C7E7BDE8F087090100F16043012202
:1055C00003F56143C9B283F8001300F01F039A404A
:1055D00043099B0003F1604303F56143C3F8802155
:1055E0001A60704700F01F0301229A40430900F13E
:1055F00060409B0000F5614003F1604303F56143A7
:10560000C3F88020C3F88021002380F8003370475E
:10561000F8B51546826804460B46AA4200D2856852
:10562000A1692669761AB5420BD22A461846FCF7BC
:105630006FFDA2692A44A3682846A2615B1BA36090
:10564000F8BD0CD9AF1B18463246FCF761FD3A464F
:10565000E1683044FCF75CFDE368DA19EBE72A46C1
:105660001846FCF755FDE268E5E7000083689342C1
:105670002DE9F04104460E46154600D28568D4E96E
:1056800004703F1ABD420CD22A463146FCF740FD59
:1056900062692A44A368284662615B1BA360BDE877
:1056A000F0810ED9A5EB07083A463146FCF730FDEC
:1056B0004246F119E068FCF72BFDE36803EB0802B2
:1056C000E8E72A463146FCF723FDE268E2E70000FE
:1056D00010B5C1600024C361029B84600362C0E90D
:1056E00005111144C0E90000016110BD08B5D0E901
:1056F0000532934201D1826882B9826801328260A8
:105700005A1C426119700021D0E904329A4224BF28
:10571000C368436101F01EF9002008BD4FF0FF305F
:10572000FBE7000070B5302304460D4683F3118873
:10573000A668A6B1A368A269013BA360531CA3613C
:1057400015782269934224BFE368A361E3690BB132
:1057500020469847002383F31188284607E029460E
:10576000204601F0E7F80028E2DA86F3118870BDE0
:105770002DE9F74F05460F4614469946D0F81CA070
:105780004FF0300888F311884FF0000B164666B1D1
:10579000324639462846FFF73BFF034660B9494683
:1057A000284601F0C7F80028F2D0002383F31188BF
:1057B000A01B03B0BDE8F08FBAF1000F03D0019039
:1057C0002846D047019B8BF31188F61A1F4488F3B3
:1057D0001188DCE7C160C361009B82600362C0E99D
:1057E00005111144C0E9000001617047F8B5044695
:1057F0000D461646302383F31188A768A7B1A36826
:10580000013BA36063695A1C62611D70D4E90432D4
:105810009A4224BFE3686361E3690BB1204698476D
:10582000002080F3118807E03146204601F082F81D
:105830000028E2DA87F31188F8BD0000D0E90523DB
:1058400010B59A4201D182687AB98268002101328A
:1058500082605A1C82611C7803699A4224BFC36823
:10586000836101F077F8204610BD4FF0FF30FBE771
:105870002DE9F74F05460F4614469946D0F81CA06F
:105880004FF0300888F311884FF0000B164666B1D0
:10589000324639462846FFF7E9FE034660B94946D5
:1058A000284601F047F80028F2D0002383F311883E
:1058B000A01B03B0BDE8F08FBAF1000F03D0019038
:1058C0002846D047019B8BF31188F61A1F4488F3B2
:1058D0001188DCE70379052B05BF836A00200120CE
:1058E0004B6004BF4FF400730B60704770B55D1ED2
:1058F000866A04460D44B54205D9436B43F08003E4
:105900004363012070BD06250571FFF7E7FC052301
:105910002371F7E770B55D1E866A04460D44B542F3
:1059200005D9436B43F080034363012070BD072515
:105930000571FFF7F9FC05232371F7E738B5057901
:105940000446052D05D108230371FFF713FD2571CA
:1059500038BD0120FCE700000323F0B5037185B0DA
:105960000446FFF7BBFA002220461146FFF7F8FA7B
:105970004FF4D57203AB08212046FFF713FB024614
:10598000B8B901232363039B03F47063B3F5807FED
:1059900009D103AB37212046FFF704FB18B9A54B0B
:1059A000039A1340A3B120460125FFF7C1FA022351
:1059B000ADE003AB002237212046FFF7F3FA28B908
:1059C0009C4A039B1A40002A00F0A580022323630F
:1059D000236B03F00F03022B40F0A7806425964E43
:1059E00042F2107000F082FF03AB324601212046E4
:1059F000FFF7C2FA0028D6D1039B002B80F29180DA
:105A00005A0003D5236B43F010032363002204F1F3
:105A1000080302212046FFF721FB02460028C2D1DD
:105A200004F1380303212046FFF7BCFA0028BAD15D
:105A300004F11805A26B092120462B46FFF70EFB47
:105A40000028B0D102ABA26B07212046FFF7AAFACB
:105A500006460028A7D1236B03F00F03022B40F06A
:105A60008D807E227F21284603F0E8F9012840F24C
:105A70008580E76B42F2107000F038FF08234FF486
:105A80000072394620460096FFF704FB00288AD1B1
:105A9000384603F01FFA236BA06203F00F03022BBA
:105AA00070D103AB654A06212046FFF77BFA002838
:105AB0006FD16049039B1940B1FA81F14909204631
:105AC000FFF71EFA02AB4FF4007210212046FFF7D9
:105AD00069FA054600287FF466AF564E029B3342B2
:105AE0007FF461AF236B13F00E0F73D003F00F033D
:105AF000022B7FF458AFE36A1978012900F08F80F8
:105B0000022900F09380002940F092800523284666
:105B1000237105B0F0BD114620462263FFF720FA3D
:105B200056E7013D7FF45CAF3DE7454D6426454AAD
:105B3000404F012B08BF154603AB002237212046FA
:105B4000FFF730FA00287FF42EAF039B3B427FF42F
:105B50002AAF03AB2A4629212046FFF70DFA002879
:105B60007FF421AF039B002BFFF64AAF013E3FF4C9
:105B70001AAF42F2107000F0B9FEDDE7284603F0DC
:105B80007DF988E77E227F212846E66B03F056F9EF
:105B900008B9002193E700234022314620460093B4
:105BA0000623FFF777FA0028F3D1B3895BBA9B0786
:105BB000EFD5254B40223146204600930623FFF7C0
:105BC00069FA0028E5D1317C01F00F010F3918BFC7
:105BD000012174E7E36A1978002997D001297FF43D
:105BE000E2AE2046FFF7AAF903ABA26B37212046AD
:105BF000FFF7D8F900287FF4D6AE039B33427FF439
:105C0000D2AE03AB022206212046FFF7CBF90028D3
:105C10007FF4C9AE039B33423FF478AFC3E60B4F2A
:105C20002046FFF78BF903AB3A46ECE7084FF7E75E
:105C3000084FF5E708E0FFFD0080FFC00001B90351
:105C4000000010800080FF50F1FFFF800001B703CB
:105C50000002B7030000B70337B504460C4D01AB93
:105C6000A26B0D212046FFF79DF978B9019B2B42CD
:105C70000BD1C3F34323042B08D0053B022B04D8DC
:105C80004FF47A7000F032FEE9E7012003B030BD36
:105C900008E0FFFD70B53023044683F311880379D3
:105CA000022B4FF0000303D183F3118800250CE091
:105CB0000422027183F31188FFF7CEFF0546022606
:105CC000204625B1FFF734F92671284670BDFFF74D
:105CD0002FF92671EAE70000FFF798B8044B03603C
:105CE0000123037100234363C0E90A33704700BFF7
:105CF000589A000810B53023044683F31188C16216
:105D0000FFF79EF802230020237180F3118810BD55
:105D100010B53023044683F31188FFF7BBF8002346
:105D20000122E362227183F3118810BD0268436887
:105D30000A43026003B11847704700001430FFF7B0
:105D400017BD00004FF0FF331430FFF711BD000006
:105D50003830FFF78DBD00004FF0FF333830FFF7CC
:105D600087BD00001430FFF7DDBC00004FF0FF31AD
:105D70001430FFF7D7BC00003830FFF737BD000004
:105D80004FF0FF323830FFF731BD0000012914BF5A
:105D90006FF0130000207047FFF70CBB044B03604B
:105DA00000234360C0E9023301230374704700BF3E
:105DB0007C9A000810B53023044683F31188FFF75E
:105DC00023FB02230020237480F3118810BD000000
:105DD00038B5C36904460D461BB904210844FFF7D2
:105DE000A5FF294604F11400FFF780FC002806DA1D
:105DF000201D4FF40061BDE83840FFF797BF38BD64
:105E0000026843680A43026003B118477047000004
:105E100013B5406B00F58054D4F8A4381A68117893
:105E2000042914D1017C022911D119790123128985
:105E30008B4013420BD101A94C3002F02FFFD4F854
:105E4000A4480246019B2179206800F0DFF902B0E6
:105E500010BD0000143002F0B7BE00004FF0FF3359
:105E6000143002F0B1BE00004C3002F083BF0000DD
:105E70004FF0FF334C3002F07DBF0000143002F0D1
:105E800085BE00004FF0FF31143002F07FBE0000ED
:105E90004C3002F04FBF00004FF0FF324C3002F0A8
:105EA00049BF00000020704710B500F58054D4F8B9
:105EB000A4381A681178042917D1017C022914D159
:105EC0005979012352898B4013420ED1143002F0CC
:105ED00017FE024648B1D4F8A4084FF44073417944
:105EE0000068BDE8104000F07FB910BD406BFFF7BF
:105EF000DBBF0000704700007FB5124B0125042670
:105F0000044603600023057400F1840243602946BF
:105F1000C0E902330C4B0290143001934FF44073EC
:105F2000009602F0C9FD094B04F69442294604F19B
:105F30004C000294CDE900634FF4407302F08AFEF6
:105F400004B070BDA49A0008ED5E0008115E000860
:105F50000A68302383F311880B790B3342F823004E
:105F60004B79133342F823008B7913B10B3342F88A
:105F7000230000F58053C3F8A41802230374002003
:105F800080F311887047000038B5037F044613B1D1
:105F900090F85430ABB90125201D0221FFF730FFE6
:105FA00004F114006FF00101257700F0DFFC04F12B
:105FB0004C0084F854506FF00101BDE8384000F007
:105FC000D5BC38BD10B5012104460430FFF718FFD9
:105FD0000023237784F8543010BD000038B5044600
:105FE0000025143002F080FD04F14C00257702F00A
:105FF00049FE201D84F854500121FFF701FF20467F
:10600000BDE83840FFF750BF90F88020034602F00B
:106010006002202A14D190F881200020212A02D881
:106020001F2A03D87047222A07D07047054A5A67AB
:1060300007229A67D86701207047C3E91D00F9E776
:10604000002070473C22002037B500F58055D5F878
:10605000A4381A68117804291AD1017C022917D1B1
:106060001979012312898B40134211D100F14C049C
:10607000204602F0C5FE58B101A9204602F00EFEEE
:10608000D5F8A4480246019B2179206800F0BEF8AB
:1060900003B030BD01F10B03F7B550F8236004469F
:1060A0000D46F6B1302383F3118804EB8507301DCC
:1060B00008214C36FFF7A4FEFB685B691B6813B12F
:1060C000304602F0F9FD01A9304602F0E7FD024634
:1060D00048B1019B2946204600F098F8002383F33D
:1060E000118803B0F0BDFB685A691268002AF5D028
:1060F0001B8A013B1340F1D104F18002EAE7000062
:10610000133138B550F82140ECB1302383F31188B6
:1061100004F58053D3F8A4281368527903EB820363
:10612000DB689B695D6845B104216018FFF768FE74
:10613000294604F1140002F0EDFC2046FFF7B4FEFE
:10614000002383F3118838BD7047000001F036BD8D
:1061500001234022002110B5044600F8303BFBF734
:10616000FDFF0023C4E9013310BD000010B530234A
:10617000044683F311882422416000210C30FBF790
:10618000EDFF204601F03CFD02230020237080F348
:10619000118810BD70B500EB8103054650690E46AD
:1061A0001446DA6018B110220021FBF7D7FFA0696E
:1061B00018B110220021FBF7D1FF31462846BDE877
:1061C000704001F023BE000083682022002103F00C
:1061D000011310B5044683601030FBF7BFFF204663
:1061E000BDE8104001F09CBEF0B4012500EB810435
:1061F00047898D40E4683D43A469458123600023BD
:10620000A2606360F0BC01F0B9BE0000F0B40125EB
:1062100000EB810407898D40E4683D436469058192
:1062200023600023A2606360F0BC01F02FBF000078
:1062300070B5022300250446242203702946C0F8C5
:1062400088500C3040F8045CFBF788FF204684F847
:10625000705001F06FFD63681B6823B1294620462A
:10626000BDE87040184770BD0378052B10B5044693
:106270000AD080F88C300523037043681B680BB18B
:10628000042198470023A36010BD00000178052970
:1062900006D190F88C20436802701B6803B1184740
:1062A0007047000070B590F87030044613B10023B9
:1062B00080F8703004F18002204601F055FE6368DA
:1062C0009B68B3B994F8803013F0600535D0002195
:1062D000204602F03DF90021204602F02DF96368C6
:1062E0001B6813B1062120469847062384F87030B6
:1062F00070BD204698470028E4D0B4F88630A26FDD
:106300009A4288BFA36794F98030A56F002B4FF0A5
:10631000300380F20381002D00F0F280092284F81E
:10632000702083F3118800212046D4E91D23FFF754
:106330006DFF002383F31188DAE794F8812003F0DE
:106340007F0343EA022340F20232934200F0C58009
:1063500021D8B3F5807F48D00DD8012B3FD0022B38
:1063600000F09380002BB2D104F188026267022210
:10637000A267E367C1E7B3F5817F00F09B80B3F5C7
:10638000407FA4D194F88230012BA0D1B4F888309A
:1063900043F0020332E0B3F5006F4DD017D8B3F5E8
:1063A000A06F31D0A3F5C063012B90D8636820465D
:1063B00094F882205E6894F88310B4F88430B04773
:1063C000002884D0436863670368A3671AE0B3F5C5
:1063D000106F36D040F6024293427FF478AF5C4BA8
:1063E00063670223A3670023C3E794F88230012B7D
:1063F0007FF46DAFB4F8883023F00203A4F888303E
:10640000C4E91D55E56778E7B4F88030B3F5A06FAF
:106410000ED194F88230204684F88A3001F0E8FCEE
:1064200063681B6813B1012120469847032323703A
:106430000023C4E91D339CE704F18B036367012348
:10644000C3E72378042B10D1302383F3118820462F
:10645000FFF7BAFE85F311880321636884F88B5037
:1064600021701B680BB12046984794F88230002BAE
:10647000DED084F88B300423237063681B68002B04
:10648000D6D0022120469847D2E794F8843020469F
:106490001D0603F00F010AD501F058FD012804D0B4
:1064A00002287FF414AF2B4B9AE72B4B98E701F0AF
:1064B0003FFDF3E794F88230002B7FF408AF94F8A7
:1064C000843013F00F01B3D01A06204602D502F033
:1064D00057F8ADE702F048F8AAE794F88230002BAD
:1064E0007FF4F5AE94F8843013F00F01A0D01B06B2
:1064F000204602D502F02CF89AE702F01DF897E743
:10650000142284F8702083F311882B462A462946EA
:106510002046FFF769FE85F31188E9E65DB1152293
:1065200084F8702083F3118800212046D4E91D23CC
:10653000FFF75AFEFDE60B2284F8702083F31188E2
:106540002B462A4629462046FFF760FEE3E700BFB8
:10655000D49A0008D09A0008CC9A000838B590F870
:1065600070300446002B3ED0063BDAB20F2A34D8F6
:106570000F2B32D8DFE803F03731310822323131C6
:106580003131313131313737856FB0F886309D4246
:1065900014D2C3681B8AB5FBF3F203FB12556DB925
:1065A000302383F311882B462A462946FFF72EFE17
:1065B00085F311880A2384F870300EE0142384F8E0
:1065C0007030302383F31188002320461A46194681
:1065D000FFF70AFE002383F3118838BDC36F03B1B0
:1065E00098470023E7E70021204601F0B1FF002192
:1065F000204601F0A1FF63681B6813B10621204605
:1066000098470623D7E7000010B590F8703004468D
:10661000142B29D017D8062B05D001D81BB110BDDB
:10662000093B022BFBD80021204601F091FF0021FD
:10663000204601F081FF63681B6813B106212046E4
:106640009847062319E0152BE9D10B2380F8703009
:10665000302383F3118800231A461946FFF7D6FD2D
:10666000002383F31188DAE7C3689B695B68002B1A
:10667000D5D1C36F03B19847002384F87030CEE7BB
:106680000023826880F8243083691B6899689142EE
:10669000FBD25A6803604260106058607047000087
:1066A0000023826880F8243083691B6899689142CE
:1066B000FBD85A6803604260106058607047000061
:1066C00008B50846302383F3118891F82430032B52
:1066D00005D0042B0DD02BB983F3118808BD8B6A2C
:1066E00000221A604FF0FF338362FFF7C9FF0023D7
:1066F000F2E7D1E9003213605A60F3E7034610B5C0
:106700001B68984203D09C688A689442F8D25A6801
:106710000B604A601160596010BD0000FFF7B0BF08
:10672000064BD96881F824001868026853601A6023
:106730000122D86080F82420F9F764BEB83F002019
:106740000C4B30B5DD684B1C87B004460FD02B4690
:10675000094A684600F09EF92046FFF7E1FF009BDA
:1067600013B1684600F0A0F9A86A07B030BDFFF782
:10677000D7FFF9E7B83F0020C1660008044B1A684C
:10678000DB6890689B68984294BF002001207047A6
:10679000B83F0020094B10B51C68D86822685360C8
:1067A0001A600122DC6084F82420FFF779FF01469B
:1067B0002046BDE81040F9F725BE00BFB83F0020D5
:1067C000044B1A68DB6892689B689A4201D9FFF70C
:1067D000E1BF7047B83F002038B50123084C0025C1
:1067E0002370656002F098FB02F0BEFB0549064885
:1067F00002F094FC0223237085F3118838BD00BF9A
:1068000030400020D89A0008B83F002000F082B93C
:10681000034A516853685B1A9842FBD8704700BF1F
:10682000001000E08B604B630023CA610B630223FE
:1068300010B504468B840123084604F128028C61BC
:1068400081F8263001F110030A61E26A4A6113609F
:10685000E36201F12C03CB6210BD0000D0E90131ED
:10686000026841F8183CA1F19C033839CB600369F8
:1068700041F8243C436941F8203C034B41F8043C77
:10688000C3680248FFF7CEBF1D040008B83F0020D0
:1068900008B5FFF7E3FFBDE80840FFF73FBF000082
:1068A00038B50E4BDC6804F12C05A062E06AA84202
:1068B0000FD194F826303BB994F825309B0702BFDE
:1068C000D4E9043213605A600F20BDE83840FFF766
:1068D00027BF0368E362FFF721FFE7E7B83F002027
:1068E000302383F31188FFF7DBBF000008B50146B2
:1068F000302383F311880820FFF722FF002383F35E
:10690000118808BD054BDB6821B103609862032044
:10691000FFF716BF4FF0FF30704700BFB83F0020B1
:106920000346006820B100221A608162FFF7F6BEBC
:1069300070470000064BDB6839B1426818605A6046
:10694000136043600420FFF7FBBE4FF0FF30704739
:10695000B83F002003460068834205D002681A60F1
:1069600053608162FFF7DABE7047000038B5044615
:106970000D462068844200D138BD036823605C6006
:106980008562FFF7CBFEF4E7036810B59C68A2426E
:106990000CD85C680B608A604C6021605960996813
:1069A000891A99604FF0FF33836010BD121B1B687A
:1069B000ECE700000A2938BF0A2170B504460D46ED
:1069C0000A26601902F0A2FA02F08AFA041BA54214
:1069D00003D8751C04462E46F3E70A2E04D901207D
:1069E000BDE8704002F062BC70BD0000F8B5144B09
:1069F00014460A270D46D9610A2C826003F1100261
:106A000038BF0A2442601A69026050601861081990
:106A100002F06CFA02F064FA431B0646A34206D366
:106A20007C1C28192746354602F070FAF2E70A2F37
:106A300004D90120BDE8F84002F038BCF8BD00BF21
:106A4000B83F002070B50D46064602F049FA0F49DE
:106A50000B4653F8102F9A4206D12A46014630467B
:106A6000BDE87040FFF7C2BFCB69C41A93682C1908
:106A700028BF2C46A34202D92946FFF79BFF224696
:106A800031460348BDE87040FFF77EBFB83F0020A5
:106A9000C83F0020C0E90323002310B45DF8044B75
:106AA0004361FFF7CFBF000010B5194C236998422E
:106AB0000DD08168D0E9003213605A609A680A44A8
:106AC0009A60002303604FF0FF33A36110BD02689A
:106AD000234643F8102F53600022026022699A4235
:106AE00003D1BDE8104002F00BBA936881680B44F3
:106AF000936002F0F5F92269E1699268441AA242B2
:106B0000E4D91144BDE81040091AFFF753BF00BF94
:106B1000B83F00202DE9F047DFF8B88008F11007F2
:106B20002B4ED8F8105002F0DBF9D8F81C40AA68B8
:106B3000011B8A423DD81444D5E90032C8F81C40F4
:106B400013605A6000232B609946D8F81020B24297
:106B500001D102F0D5F989F31188D5E9033128462E
:106B60009847302383F311886B69002BD9D002F04A
:106B7000B7F96A69A0EB040982464A450DD20220A2
:106B800002F094FB0022D8F81030B34208D15146ED
:106B90002846BDE8F047FFF729BF2244121AF2E762
:106BA00012EB09092946384638BF4A46FFF7ECFE82
:106BB000B6E7D8F81010B14208D01444C8F81C0049
:106BC000211AA960BDE8F047FFF7F4BEBDE8F087E1
:106BD000C83F0020B83F002038B502F081F9054ACF
:106BE000D2E90845031B181945F10001C2E9080163
:106BF00038BD00BFB83F002010B560B90748047920
:106C00000368053C9B6818BF01249847404200F088
:106C10000400204310BD0120FCE700BFC438002061
:106C2000FFF7EABF2DE9F047884617469946044624
:106C3000B0B90D4E3579052D05D003240DE0013D89
:106C400015F0FF050ED03368424639463046D3F87A
:106C500014A04B46D0470028F1D12046BDE8F0876C
:106C60000424FAE70124F8E7C43800202DE9F047AE
:106C70008846174699460446B0B90D4E3579052D1C
:106C800005D003240DE0013D15F0FF050ED033685B
:106C9000424639463046D3F818A04B46D047002824
:106CA000F1D12046BDE8F0870424FAE70124F8E793
:106CB000C438002037B50C46154670B949B10129D2
:106CC0000BD10748694603681B6A984710B9019BB6
:106CD0002B600024204603B030BD0424FAE700BF37
:106CE000C438002000207047FEE700007047000015
:106CF0004FF0FF30704700004B6843608B68836043
:106D0000CB68C3600B6943614B6903628B69436263
:106D10000B6803607047000008B53B4B40F2FF7101
:106D20003A48D3F888200A43C3F88820D3F888204B
:106D30006FF30A02C3F88820D3F88820D3F8E02044
:106D40000A43C3F8E020D3F808210A43C3F8082116
:106D50002F4AD3F808311146FFF7CEFF00F58060C7
:106D600002F11C01FFF7C8FF00F5806002F1380155
:106D7000FFF7C2FF00F5806002F15401FFF7BCFF8E
:106D800000F5806002F17001FFF7B6FF00F580604A
:106D900002F18C01FFF7B0FF00F5806002F1A8015D
:106DA000FFF7AAFF00F5806002F1C401FFF7A4FF1E
:106DB00000F5806002F1E001FFF79EFF00F58060C2
:106DC00002F1FC01FFF798FF02F58C7100F580607D
:106DD000FFF792FF01F06CFC0E4BD3F8902242F0CB
:106DE0000102C3F89022D3F8942242F00102C3F8C2
:106DF00094220522C3F898204FF06052C3F89C20DB
:106E0000054AC3F8A02008BD0044025800000258FB
:106E1000EC9A000800ED00E01F00080308B501F03F
:106E200037FEFFF7D9FC104BD3F8DC2042F04002CC
:106E3000C3F8DC20D3F8042122F04002C3F8042177
:106E4000D3F80431094B1A6842F008021A601A6834
:106E500042F004021A6000F065FD00F03DFBBDE861
:106E6000084000F0B3B800BF0044025800180248C0
:106E700001207047002070477047000002290CD0A5
:106E8000032904D00129074818BF00207047032AAE
:106E900005D8054800EBC200704704487047002041
:106EA000704700BFD09C000844220020849C00084A
:106EB00070B59AB005460846144601A900F0BEF820
:106EC00001A8FBF743F9431C0022C6B25B00104641
:106ED000C5E9003423700323023404F8013C01ABFC
:106EE000D1B202348E4201D81AB070BD13F8011B22
:106EF000013204F8010C04F8021CF1E708B5302354
:106F000083F311880348FFF79FF8002383F3118868
:106F100008BD00BFC842002090F8803003F01F0277
:106F2000012A07D190F881200B2A03D10023C0E960
:106F30001D3315E003F06003202B08D1B0F8843036
:106F40002BB990F88120212A03D81F2A04D8FFF7F3
:106F50005BB8222AEBD0FAE7034A4267072282672E
:106F6000C3670120704700BF6422002010B50446AB
:106F7000052916D8DFE801F016150316161D302373
:106F800083F311880E4A0121FFF704F920460D4AC8
:106F90000221FFF7FFF80C48FFF720F8002383F3E6
:106FA000118810BD302383F311880748FEF7ECFFEA
:106FB000F4E7302383F311880348FFF703F8EDE784
:106FC0005C9C0008389C0008C842002038B50B4D76
:106FD0000B4C2A460B492046FFF76AFF05F1CA020F
:106FE00004F108000849FFF763FF05F5CA7204F1D0
:106FF00010000649BDE83840FFF75ABF684000203E
:107000004C2200206D9400087794000882940008B8
:1070100070B5044608460D46FBF798F8C6B2204600
:10702000013403780BB9184670BD32462946FBF788
:1070300079F80028F3D10120F6E700002DE9F041AE
:1070400005460C46FBF782F82849C6B22846FFF7EA
:10705000DFFF08B1013EF6B225492846FFF7D8FF09
:1070600008B11036F6B2632E07D8204FDFF88080C3
:107070002E7846B92670BDE8F08129462046BDE845
:10708000F041F9F7B9BB252E2BD107223946284606
:10709000FBF748F848B9174B073506341A689B8840
:1070A00044F8062C24F8023CE2E708224146284630
:1070B000FBF738F8A8B9A21C0F4B1048104E1978EE
:1070C00002320909415C02F8041C13F8011B01F0AB
:1070D0000F01B342415C02F8031CF0D118340835AB
:1070E000C6E7013504F8016BC2E700BF8B940008C6
:1070F000829400089394000800E8F11F9A94000815
:107100000CE8F11FBFF34F8F044B1A695107FCD1F4
:10711000D3F810215207F8D1704700BF0020005269
:1071200008B50D4B1B78ABB9FFF7ECFF0B4BDA68DA
:10713000D10704D50A4A5A6002F188325A60D3F85E
:107140000C21D20706D5064AC3F8042102F1883281
:10715000C3F8042108BD00BF705B0020002000526E
:107160002301674508B5114B1B78F3B9104B1A6919
:10717000510703D5DA6842F04002DA60D3F81021F3
:10718000520705D5D3F80C2142F04002C3F80C2178
:10719000FFF7B8FF064BDA6842F00102DA60D3F875
:1071A0000C2142F00102C3F80C2108BD705B0020E5
:1071B000002000520F289ABF00F580604004002094
:1071C000704700004FF400307047000010207047F7
:1071D0000F2808B50ED8FFF7EDFF0368013309D17A
:1071E00000F500330430834201D1012008BD02685C
:1071F0000132F7D00020F9E70F2838B505463FD80F
:10720000FFF780FF1F4CFFF78BFF4FF0FF3307287E
:107210006361C4F814311DD82361FFF773FF0302C3
:1072200043F02403E360E36843F08003E3602369F1
:107230005A07FCD42846FFF765FFFFF7BBFF4FF462
:10724000003100F0A5FA2846FFF78CFFBDE8384072
:10725000FFF7BEBFC4F81031FFF754FFA0F10803D9
:107260001B0243F02403C4F80C31D4F80C3143F072
:107270008003C4F80C31D4F810315B07FBD4D9E794
:10728000002038BD002000522DE9F84F04460D467D
:10729000104644EA0203DB0602D00020BDE8F88F66
:1072A00020F01F00DFF8E0A0DFF8E0B0FFF738FFC4
:1072B00005EB0008454503D10120FFF753FFEDE73B
:1072C000202229462046F9F7A9FB10B920342035A1
:1072D000F0E723680133E0D1234604F120020433B0
:1072E000934244D104F17843234E2448B3F5801FE0
:1072F000234B28BF9946A3F582732EBF5846D1462B
:107300001E46FFF7FFFE4FF0FF33A4EB050C05F11F
:107310001C010360336843F0020333602B1FD9F86C
:10732000007017F00507FAD153F8042F8B424CF880
:107330000320F4D1BFF34F8FFFF7E4FE4FF0FF338C
:107340000360336823F002033360BFF34F8F0D4BAC
:10735000C3F85C42BFF34F8FBFF36F8F20222946E3
:107360002046F9F75BFB0028B0D03846A5E719683E
:107370000131B4D091E700BF0C210052142000521B
:107380001021005200ED00E01020005214210052A4
:1073900010B5084C237828B11BB9FFF7C1FE0123B3
:1073A000237010BD002BFCD02070BDE81040FFF70B
:1073B000D9BE00BF705B00202DE9F74F0D46824615
:1073C000002877D011F00D070CBF0826202611F0F9
:1073D000080300933BD0431E03426BD106460AF1DB
:1073E0001F0121F01F0A4FF00109DFF8D88005F0D6
:1073F000040305EA090BBBF1000F38D0D8F81420BC
:10740000D20734D409F1010908F10C08B9F1060FCB
:10741000F1D187B9284D32465146E81901F0C6FD31
:10742000044600BB2037A02FF5D13246514601F06B
:10743000BDFD0446B8B932465146204801F0B6FDBC
:107440000446002831D1204603B0BDE8F08F002F5C
:10745000C5D10029C7D101463246284601F0A6FD14
:1074600004460028BFD05246002120461FE01BB131
:10747000D8F814205407C5D5A80703D5D8F8142088
:107480009107BFD5009A1AB1D8F814201207B9D5C0
:10749000019332460A4B514603EB491001F086FD39
:1074A000019B04460028ADD0DDE752460021FAF7E3
:1074B00055FEC8E70024C6E7B45B0020745B0020DB
:1074C000945B0020EC9C00080021FFF775BF0000D2
:1074D0000121FFF771BF000070B5144D0124144E57
:1074E00040F2FF3200210120FAF738FE06EB44108B
:1074F00001342A6955F80C1F01F044FD062CF5D122
:1075000037254FF4C0542046FFF7E2FF014628B16B
:1075100022460848BDE8704001F034BDC4EBC40405
:10752000013D4FEAD404EED170BD00BFEC9C0008D1
:10753000945B0020745B00200421FFF73DBF000036
:107540004843FFF7C1BF000008B101F0A3BD704779
:10755000B0F5805F10B5044607D8FFF7EDFF28B9F6
:107560002046BDE81040FFF7AFBF002010BD00006F
:10757000FFF7EABF70B504461046AAB144EA01031A
:1075800013F01F030FD1094A214495686D0706D5F2
:107590001568AC4203D356683544A94204D9033375
:1075A0000C32122BF1D1002070BD00BFEC9C000802
:1075B00008B501F083FE034AD2E90032C01842EB5D
:1075C000010108BD585C00202DE9F743434AD2E988
:1075D000003213437ED0FFF7EBFF414A00234FF404
:1075E0006164F8F729FF3F4A00230026F8F724FFDB
:1075F0003C23ADF80160B2FBF3F1B2FBF4F503FB01
:10760000112104FB1522384CC9B2A042B2FBF3F29F
:107610004FF046038DF8003046D840F26D194FF018
:10762000640E4FF4C8789F0703F26C7428D1B4FB42
:10763000FEF70EFB174747BBB4FBF8F708FB1744F0
:10764000002C0BBF4FF0010C4FF0000C4FF4B7743F
:107650004C465F1CA042FFB21CD20EB18DF8003028
:107660000023224C0C271E4607FB0C44DFB203F11B
:10767000010CE75D874211D8C01B63460126F5E780
:107680004FF0000C40F26D14E3E74FF0010C4FF4A3
:10769000B774DEE7001B3B460126C4E70EB18DF848
:1076A000013001308DF802009DF800009DF8013096
:1076B00050380133400640EA43509DF8023040EA1A
:1076C000034040EAC52040EA421040EA510003B0BE
:1076D000BDE8F0834FF40410F9E700BF585C0020C8
:1076E00040420F008051010090230B00349D0008A0
:1076F0000244074BD2B210B5904200D110BD441CD9
:1077000000B253F8200041F8040BE0B2F4E700BFE8
:10771000504000580E4B30B51C6F240405D41C6F2C
:107720001C671C6F44F400441C670A4C0244236825
:10773000D2B243F480732360074B904200D130BD36
:10774000441C51F8045B00B243F82050E0B2F4E767
:1077500000440258004802585040005807B5012222
:1077600001A90020FFF7C4FF019803B05DF804FBF6
:1077700013B50446FFF7F2FFA04205D0012201A98C
:1077800000200194FFF7C6FF02B010BD7047000053
:107790000144BFF34F8F064B884204D3BFF34F8F92
:1077A000BFF36F8F7047C3F85C022030F4E700BF6F
:1077B00000ED00E00144BFF34F8F064B884204D335
:1077C000BFF34F8FBFF36F8F7047C3F87002203045
:1077D000F4E700BF00ED00E070B5054616460C4624
:1077E00001201021FFF7ACFE286046733CB1204613
:1077F00036B1FFF7A1FE2B68186000B19C6070BD28
:10780000FFF766FEF7E70000F8B50E4615460B6871
:10781000044640B905F11F01306821F01F01FFF750
:10782000B7FF012718E0427B29461846FFF7A2FE62
:1078300007460028EED133686360A368AB4211D2DB
:1078400013B12068FFF780FE637B284633B1FFF752
:1078500073FE206028B9A0603846F8BDFFF738FEF7
:10786000F7E7A560206805F11F01306021F01F01D6
:10787000FFF78EFF01232373D3E7000010B5044602
:1078800040B10068884205D1606808B1FAF740FC51
:107890000023237310BD0000F8B50E4614460B6894
:1078A000054640B904F11F01306821F01F01FFF7C0
:1078B00081FF012716E0427B21461846FFF75AFE5A
:1078C00007460028EED1AB68A34211D213B1286855
:1078D000FFF73AFE6B7B204633B1FFF72DFE2860A1
:1078E00028B9A8603846F8BDFFF7F2FDF7E7AC60AD
:1078F000316819B122462868FAF70AFC286804F1B1
:107900001F01306021F01F01FFF754FF01232B738B
:10791000CFE7000020B103688B4204BF002303734C
:1079200070470000034B1A681AB9034AD2F8D024F2
:107930001A607047605C00200040025808B5FFF7ED
:10794000F1FF024B1868C0F3806008BD605C002046
:10795000EFF30983054968334A6B22F001024A6359
:1079600083F30988002383F31188704700EF00E058
:10797000302080F3118862B60D4B0E4AD96821F48D
:10798000E0610904090C0A430B49DA60D3F8FC20D2
:1079900042F08072C3F8FC20084AC2F8B01F116898
:1079A00041F0010111602022DA7783F8220070474C
:1079B00000ED00E00003FA0555CEACC5001000E074
:1079C000302310B583F311880E4B5B6813F400630A
:1079D00014D0F1EE103AEFF309844FF08073683C55
:1079E000E361094BDB6B236684F30988FEF7C6FE6F
:1079F00010B1064BA36110BD054BFBE783F3118863
:107A0000F9E700BF00ED00E000EF00E02F04000800
:107A10003204000870B5BFF34F8FBFF36F8F1A4A5F
:107A20000021C2F85012BFF34F8FBFF36F8F53691D
:107A300043F400335361BFF34F8FBFF36F8FC2F82E
:107A40008410BFF34F8FD2F8803043F6E074C3F355
:107A5000C900C3F34E335B0103EA0406014646EA5C
:107A600081750139C2F86052F9D2203B13F1200F21
:107A7000F2D1BFF34F8F536943F480335361BFF3A7
:107A80004F8FBFF36F8F70BD00ED00E0FEE7000089
:107A9000214B2248224A70B5904237D3214BC11E58
:107AA000DA1C121A22F003028B4238BF0022002196
:107AB000FAF754FB1C4A0023C2F88430BFF34F8FFF
:107AC000D2F8803043F6E074C3F3C900C3F34E33F9
:107AD0005B0103EA0406014646EA81750139C2F8F2
:107AE0006C52F9D2203B13F1200FF2D1BFF34F8F2C
:107AF000BFF36F8FBFF34F8FBFF36F8F0023C2F8B9
:107B00005032BFF34F8FBFF36F8F70BD53F8041B1C
:107B100040F8041BC0E700BF2C9E00085C5E0020FC
:107B20005C5E00205C5E002000ED00E0074BD3F8B7
:107B3000D82022EA0002C3F8D820D3F8002122EA94
:107B40000002C3F80021D3F8003170470044025806
:107B500070B5D0E9244300224FF0FF359E6804EB56
:107B600042135101D3F80009002805DAD3F80009BF
:107B700040F08040C3F80009D3F8000B002805DA74
:107B8000D3F8000B40F08040C3F8000B01326318BB
:107B9000B242C3F80859C3F8085BE0D94FF00113AB
:107BA000C4F81C3870BD0000890141F0200101615A
:107BB00003699B06FCD41220FEF72ABE10B50A4CBE
:107BC0002046FEF7C5FA094BC4F89030084BC4F8BC
:107BD0009430084C2046FEF7BBFA074BC4F89030AF
:107BE000064BC4F8943010BD185D0020000008401A
:107BF000589D00087C5C0020000004404C9D00085B
:107C000070B503780546012B5CD1434BD0F890400A
:107C1000984258D1414B0E216520D3F8D82042F02C
:107C20000062C3F8D820D3F8002142F00062C3F804
:107C30000021D3F80021D3F8802042F00062C3F87D
:107C40008020D3F8802022F00062C3F88020D3F88F
:107C50008030FDF7B1FC324BE360324BC4F80038A2
:107C60000023D5F89060C4F8003EC02323604FF491
:107C70000413A3633369002BFCDA01230C20336166
:107C8000FEF7C6FD3369DB07FCD41220FEF7C0FD0A
:107C90003369002BFCDA00262846A660FFF758FF60
:107CA0006B68C4F81068DB68C4F81468C4F81C6812
:107CB00083BB1D4BA3614FF0FF336361A36843F0A7
:107CC0000103A36070BD194B9842C9D1134B4FF00B
:107CD00080600E21D3F8D82042F00072C3F8D8207B
:107CE000D3F8002142F00072C3F80021D3F800213C
:107CF000D3F8802042F00072C3F88020D3F88020AF
:107D000022F00072C3F88020D3F88030FFF70EFF16
:107D10004D209EE7064BCDE7185D00200044025839
:107D20004014004003002002003C30C07C5C002076
:107D3000083C30C0F8B5D0F89040054600214FF01F
:107D400000662046FFF730FFD5F8941000234FF06F
:107D500001128F684FF0FF30C4F83438C4F81C2883
:107D600004EB431201339F42C2F80069C2F8006B72
:107D7000C2F80809C2F8080BF2D20B68D5F89020B7
:107D8000C5F89830636210231361166916F0100667
:107D9000FBD11220FEF73CFDD4F8003823F4FE633B
:107DA000C4F80038A36943F4402343F01003A361EF
:107DB0000923C4F81038C4F814380B4BEB604FF0AB
:107DC000C043C4F8103B094BC4F8003BC4F8106929
:107DD000C4F80039D5F8983003F1100243F4801349
:107DE000C5F89820A362F8BD649D0008408000108B
:107DF000D0F8902090F88A10D2F8003823F4FE636F
:107E000043EA0113C2F80038704700002DE9F84337
:107E100000EB81030C460FFA81F9D0F89050D96835
:107E20000022804660010E6806F00306731E022BD6
:107E300005EB441398BFB604C3F8102B04F11002ED
:107E40004FF0010394BF06F18056334E03FA02F35C
:107E50008A6998BF06F50046002A39D04F8A04F196
:107E6000580237435201AF50D5F81C281343002263
:107E7000C5F81C382B180127C3F81029A7404A69F8
:107E8000631E92B30A8A4033898B9208012905EB5D
:107E9000830388BF4A43D8F89810501841EA02413A
:107EA000C8F89800284659602146FFF77DFE08EB88
:107EB0008900C3681B8A43EA84534834334364010E
:107EC0002B51D5F81C383B43C5F81C38BDE8F88366
:107ED00005EB4917D7F8002B22F40042C7F8002B16
:107EE000D5F81C2822EA0303C1E704F13F030B4A3B
:107EF0002146284605EB83035A60FFF755FE05EB44
:107F00004913D3F8002922F40042C3F80029D5F818
:107F10001C3823EA0703D7E70080001000040002A2
:107F2000D0F894201268C0F89820FFF711BE000026
:107F30005831D0F8903049015B5813F4004004D018
:107F400013F4001F14BF0120022070474831D0F8FD
:107F5000903049015B5813F4004004D013F4001F23
:107F600014BF01200220704700EB8100C368196A2A
:107F70000B6813604B6853607047000000EB81038F
:107F800030B5DD68AA691368D36019B9402B84BF86
:107F9000402313606B8A1468D0F890201C4402EBD5
:107FA0004110013C09B2B4FBF3F46343033323F003
:107FB000030343EAC44343F0C043C0F8103B2B68BB
:107FC00003F00303012B0ED1D2F8083802EB411065
:107FD00013F4807FD0F8003B14BF43F0805343F08C
:107FE0000053C0F8003B02EB4112D2F8003B43F0D3
:107FF0000443C2F8003B30BD2DE9F041D0F8906059
:1080000005460C4606EB4113D3F8087B3A07C3F844
:10801000087B08D5D6F814381B0704D500EB81037C
:10802000DB685B689847FA071FD5D6F81438DB077A
:108030001BD505EB8403D9688B69C4B9488A5A6893
:10804000B2FBF0F600FB16228AB91868DA68904293
:108050000DD2121AC3E90024302383F3118821467C
:108060002846FFF78BFF84F31188BDE8F0810122D9
:108070006B89A24023EA02036B81CB68002BF4D00A
:1080800021462846BDE8F0411847000000EB810377
:108090004A0170B5DD68D0F890306C692668E660FA
:1080A0004EBB1A444FF40020C2F810092A6802F0AF
:1080B0000302012A0AB20ED1D3F8080803EB4214D6
:1080C00010F4807FD4F8000914BF40F0805040F0D5
:1080D0000050C4F8000903EB4212D2F8000940F046
:1080E0000440C2F800090122D3F834088A40024350
:1080F000C3F8342870BD19B9402E84BF40202060D9
:1081000020681A442E8A8419013CB4FBF6F440EA34
:10811000C44040F00050C7E72DE9F843D0F8906024
:1081200005460C464F0106EB4113D3F8088918F0B9
:10813000010FC3F808891CD0D6F81038DB0718D512
:1081400000EB8103D3F80CC0DCF81430D3F800E066
:10815000DA68964530D2A2EB0E024FF000091A60A1
:10816000C3F80490302383F31188FFF78FFF89F35E
:10817000118818F0800F1DD0D6F834380126A6409B
:10818000334217D005EB84030134D5F89050D3F86F
:108190000CC0E4B22F44DCF8142005EB0434D2F810
:1081A00000E05168714513D3D5F8343823EA06034B
:1081B000C5F83438BDE8F883012203898A4023EAF0
:1081C00002030381DCF80830002BD2D09847D0E7B7
:1081D000AEEB0103BCF81000834228BF0346D7F87A
:1081E000180980B2B3EB800FE4D89068A0F10409BD
:1081F00059F8048FC4F80080A0EB09089844B8F13E
:10820000040FF5D81844194490605160C9E7000084
:108210002DE9F047D0F8905004466E69AB691E40D6
:1082200016F480586E6103D0BDE8F047FEF700B841
:10823000002E12DAD5F8003E9B0705D0D5F8003E97
:1082400023F00303C5F8003ED5F80438204623F098
:108250000103C5F80438FEF719F8370505D520469F
:10826000FFF776FC2046FDF7FFFFB0040CD5D5F8EC
:10827000083813F0060FEB6823F470530CBF43F477
:10828000105343F4A053EB6031071BD56368DB68E0
:108290001BB9AB6923F00803AB612378052B0CD124
:1082A000D5F8003E9A0705D0D5F8003E23F0030329
:1082B000C5F8003E2046FDF7E9FF6368DB680BB1B7
:1082C00020469847F30234D50021D4F890900F4609
:1082D00009EB4713D3F8002902F44022B2F5802FAE
:1082E0001FD1D3F80029002A1BDAD3F8002942F065
:1082F0009042C3F80029D3F80029002AFBDBD4F808
:108300009000FFF751FC01222389BA4023EA0203BF
:10831000238104EB8703DB689B6813B13946204651
:1083200098470137D4F89430FFB29B689F42394692
:10833000CED9B70226D5D4F8909000274FF0010A85
:1083400009EB4712D2F8003B03F44023B3F5802F2A
:1083500011D1D2F8003B002B0DDA63890AFA07F23B
:1083600023EA0203638104EB8703DB68DB6813B154
:108370003946204698470137D4F89430FFB29B68BD
:108380009F42DDD9F00618D5D4F89000026AC2F3F6
:108390000A1702F00F0302F4F012B2F5802F00F07A
:1083A0008D80B2F5402F08D104EB8303002200F545
:1083B0008050DB681B6A974273D13003D5F8185898
:1083C00035D5E90303D500212046FFF715FEAA03A2
:1083D00003D501212046FFF70FFE6B0303D50221D1
:1083E0002046FFF709FE2F0303D503212046FFF7A0
:1083F00003FEE80203D504212046FFF7FDFDA90294
:1084000003D505212046FFF7F7FD6A0203D50621B3
:108410002046FFF7F1FD2B0203D507212046FFF789
:10842000EBFDEF0103D508212046FFF7E5FD7003C2
:108430006BD5E90703D500212046FFF76DFEAA079B
:1084400003D501212046FFF767FE6B0703D5022104
:108450002046FFF761FE2F0703D503212046FFF7D3
:108460005BFEEE0603D504212046FFF755FEA80665
:1084700003D505212046FFF74FFE690603D50621E7
:108480002046FFF749FE2A0603D507212046FFF7BD
:1084900043FEEB0539D520460821BDE8F047FFF73C
:1084A0003BBE910701D1D0F80080072A02F10102FA
:1084B0009CBF03F8018B4FEA18287CE704EB830389
:1084C00000F58050DA68D2F818C0DCF80820DCE942
:1084D000001CA1EB0C0C00218F4208D1DB689B69CA
:1084E0009A683A449A605A683A445A6065E711F0CB
:1084F000030F01D1D0F800808C4501F1010184BF48
:1085000002F8018B4FEA1828E6E7BDE8F087000083
:1085100008B50348FFF77CFEBDE80840FFF750BAF6
:10852000185D002008B50348FFF772FEBDE808405B
:10853000FFF746BA7C5C0020D0F8903003EB411185
:10854000D1F8003B43F40013C1F8003B7047000032
:10855000D0F8903003EB4111D1F8003943F4001307
:10856000C1F8003970470000D0F8903003EB41119A
:10857000D1F8003B23F40013C1F8003B7047000022
:10858000D0F8903003EB4111D1F8003923F40013F7
:10859000C1F8003970470000064BD3F8DC200243D5
:1085A000C3F8DC20D3F804211043C3F80401D3F846
:1085B000043170470044025808B53C4B4FF0FF317E
:1085C000D3F8802062F00042C3F88020D3F88020E6
:1085D00002F00042C3F88020D3F88020D3F8842032
:1085E000C3F88410D3F884200022C3F88420D3F881
:1085F0008400D86F40F0FF4040F4FF0040F4DF40BB
:1086000040F07F00D867D86F20F0FF4020F4FF00D3
:1086100020F4DF4020F07F00D867D86FD3F88800BF
:108620006FEA40506FEA5050C3F88800D3F88800D2
:10863000C0F30A00C3F88800D3F88800D3F890008C
:10864000C3F89010D3F89000C3F89020D3F89000AE
:10865000D3F89400C3F89410D3F89400C3F894208E
:10866000D3F89400D3F89800C3F89810D3F8980082
:10867000C3F89820D3F89800D3F88C00C3F88C1076
:10868000D3F88C00C3F88C20D3F88C00D3F89C006E
:10869000C3F89C10D3F89C10C3F89C20D3F89C30EE
:1086A000FCF7B2FABDE8084000F0C2B90044025835
:1086B00008B50122534BC3F80821534BD3F8F420DB
:1086C00042F00202C3F8F420D3F81C2142F0020267
:1086D000C3F81C210222D3F81C314C4BDA605A68D3
:1086E0009104FCD54A4A1A6001229A60494ADA602C
:1086F00000221A614FF440429A61444B9A699204F5
:10870000FCD51A6842F480721A603F4B1A6F12F45B
:10871000407F04D04FF480321A6700221A671A682B
:1087200042F001021A60384B1A685007FCD500224B
:108730001A611A6912F03802FBD1012119604FF059
:10874000804159605A67344ADA62344A1A611A68B9
:1087500042F480321A602C4B1A689103FCD51A68D7
:1087600042F480521A601A689204FCD52C4A2D49B2
:108770009A6200225A63196301F57C01DA6301F2FF
:10878000E71199635A64284A1A64284ADA621A6817
:1087900042F0A8521A601C4B1A6802F02852B2F13B
:1087A000285FF9D148229A614FF48862DA61402249
:1087B0001A621F4ADA641F4A1A651F4A5A651F4A1D
:1087C0009A6532231E4A1360136803F00F03022BCD
:1087D000FAD10D4A136943F003031361136903F0DF
:1087E0003803182BFAD14FF00050FFF7D5FE4FF0A9
:1087F0008040FFF7D1FE4FF00040BDE80840FFF792
:10880000CBBE00BF0080005100440258004802580F
:1088100000C000F0020000010000FF010088900885
:108820001210200063020901470E0508DD0BBF018D
:1088300020000020000001100910E00000010110DC
:10884000002000524FF0B04208B5D2F8883003F053
:108850000103C2F8883023B1044A13680BB1506891
:108860009847BDE80840FFF7ABB800BFDC5D0020CB
:108870004FF0B04208B5D2F8883003F00203C2F8D6
:10888000883023B1044A93680BB1D0689847BDE89B
:108890000840FFF795B800BFDC5D00204FF0B04204
:1088A00008B5D2F8883003F00403C2F8883023B149
:1088B000044A13690BB150699847BDE80840FFF7B7
:1088C0007FB800BFDC5D00204FF0B04208B5D2F8A1
:1088D000883003F00803C2F8883023B1044A936952
:1088E0000BB1D0699847BDE80840FFF769B800BFF1
:1088F000DC5D00204FF0B04208B5D2F8883003F0BC
:108900001003C2F8883023B1044A136A0BB1506ACD
:108910009847BDE80840FFF753B800BFDC5D002072
:108920004FF0B04310B5D3F8884004F47872C3F820
:108930008820A30604D5124A936A0BB1D06A9847DF
:10894000600604D50E4A136B0BB1506B9847210695
:1089500004D50B4A936B0BB1D06B9847E20504D555
:10896000074A136C0BB1506C9847A30504D5044A11
:10897000936C0BB1D06C9847BDE81040FFF720B85E
:10898000DC5D00204FF0B04310B5D3F8884004F40C
:108990007C42C3F88820620504D5164A136D0BB1DA
:1089A000506D9847230504D5124A936D0BB1D06DD5
:1089B0009847E00404D50F4A136E0BB1506E9847E8
:1089C000A10404D50B4A936E0BB1D06E9847620494
:1089D00004D5084A136F0BB1506F9847230404D590
:1089E000044A936F0BB1D06F9847BDE81040FEF773
:1089F000E7BF00BFDC5D002008B50348FCF7BCFC06
:108A0000BDE80840FEF7DCBFC438002008B50348C5
:108A1000FCF74EFDBDE80840FEF7D2BF183D002030
:108A200008B500F09FFCBDE80840FEF7C9BF000094
:108A3000062108B50846FCF7BFFD06210720FCF714
:108A4000BBFD06210820FCF7B7FD06210920FCF735
:108A5000B3FD06210A20FCF7AFFD06211720FCF725
:108A6000ABFD06212820FCF7A7FD09217A20FCF7A1
:108A7000A3FD09213120FCF79FFD07213220FCF7DF
:108A80009BFD0C215220BDE80840FCF795BD00007D
:108A900008B5FFF791FD00F02DFCFDF77DF9FDF71E
:108AA0001BF9FDF753FBFDF725FAFEF7E5F9BDE8E5
:108AB000084000F013BA000030B50433039C017283
:108AC000002104FB0325C160C0E90653049B036336
:108AD000059BC0E90000C0E90422C0E90842C0E9E2
:108AE0000A11436330BD00000022416AC260C0E940
:108AF0000411C0E90A226FF00101FDF737BF000041
:108B0000D0E90432934201D1C2680AB9181D7047F6
:108B100000207047036919600021C2680132C260F9
:108B2000C269134482699342036124BF436A0361AB
:108B3000FDF710BF38B504460D46E3683BB16269E6
:108B40000020131D1268A3621344E36207E0237A36
:108B500033B929462046FDF7EDFE0028EDDA38BD91
:108B60006FF00100FBE70000C368C269013BC3600E
:108B70004369134482699342436124BF436A43615A
:108B800000238362036B03B11847704770B530232D
:108B9000044683F31188866A3EB9FFF7CBFF05468A
:108BA00018B186F31188284670BDA36AE26A13F8EB
:108BB000015B9342A36202D32046FFF7D5FF002357
:108BC00083F31188EFE700002DE9F84F04460F46C4
:108BD00091469A464FF0300888F311880026B34634
:108BE000A56A4DB951462046FFF7A4FF20B185F391
:108BF00011883046BDE8F88FD4E90A15A9EB0603C1
:108C00006D1A9D4228BF1D46402D1AD93B4601F1E1
:108C1000400251F8040B914243F8040BF9D1A36AC6
:108C2000403740364033E26AA3629A4202D8204677
:108C3000FFF79AFF8BF311884E45DAD288F311883B
:108C4000CEE738462A46F9F763FAA36A2F442E4442
:108C50002B44E8E710B5029C0433017203FB0421A6
:108C6000C460C0E906130023C0E90A33039B036311
:108C7000049BC0E90000C0E90422C0E90842436344
:108C800010BD0000026A6FF00101C260426AC0E9D3
:108C900004220022C0E90A22FDF768BE0346D0E99B
:108CA0000420824201D1DB681BB950F8043B0B6001
:108CB000704700231846FAE7C3680021C2690133F0
:108CC000C3604369134482699342436124BF436A8A
:108CD0004361FDF73FBE000038B504460D46E3682A
:108CE0003BB1236900201A1DA262E2691344E362CA
:108CF00007E0237A33B929462046FDF71BFE0028FA
:108D0000EDDA38BD6FF00100FBE700000369196080
:108D1000C268013AC260C269134482699342036126
:108D200024BF436A036100238362036B03B11847C6
:108D30007047000070B530230D460446114683F39A
:108D40001188866A2EB9FFF7C7FF10B186F3118824
:108D500070BDA36A1D70A36AE26A01339342A362E5
:108D600004D3E16920460439FFF7D0FF002080F3E7
:108D70001188EDE72DE9F84F05460C4691469A46D5
:108D80004FF0300888F311880027BB46AE6A4EB911
:108D900051462846FFF7A0FF20B186F311883846D8
:108DA000BDE8F88FD5E90A06A9EB0703361A9E42FB
:108DB00028BF1E46402E1AD904F1400354F8042B54
:108DC0009C4240F8042BF9D1AB6A40374033EA6A41
:108DD000AB629A4204D8E96928460439FFF796FF46
:108DE0008BF311884F45DAD288F31188CEE72146FC
:108DF0003246F9F78DF9AB6A344437443344E6E739
:108E0000D0E9042103468A4216D1C068A8B1986A05
:108E100098B10438801A10D010600120D968013947
:108E2000D960D9690A4499698A421A6124BF5A6A89
:108E30001A6100229A6270470020704770B501F0F5
:108E40001F04550901234E090134B5EB511F02F0EF
:108E50001F0203FA04F350F8254038BF50F82600EB
:108E600003F1FF333DBFD4401840C2F1200303EAB1
:108E7000040036BF9840D040204370BD70B57E22BC
:108E80007F210546FFF7DAFF18B1012819D000202D
:108E900070BD3E2249212846FFF7D0FF2F2204460D
:108EA00031212846FFF7CAFF064601345022023618
:108EB00053212846B440FFF7C1FF093804FA00F0F7
:108EC000E6E7302245212846FFF7B8FF013080024F
:108ED000DEE70000D0F8D4007047000000F018BAB8
:108EE000014B586A704700BF000C0040034B002242
:108EF00058631A610222DA60704700BF000C00401C
:108F0000014B0022DA607047000C0040014B5863AF
:108F1000704700BF000C0040024B034A1A60034A2E
:108F20005A607047B45D0020605E0020000002209F
:108F3000074B494210B55C68201A08401968821A2C
:108F40008A4203D3A24201D85A6010BD0020FCE738
:108F5000B45D002008B5302383F31188FFF7E8FFE4
:108F6000002383F3118808BD0448054B03600023E8
:108F7000C0E901330C3000F017B900BFBC5D002020
:108F8000558F0008CB1D083A23F00703591A521ACF
:108F900010B4D2080024C0E9004384600C301C6087
:108FA0005A605DF8044B00F0FFB800002DE9F84F5F
:108FB000374BCD1D8846002814BF81469946082AA4
:108FC0004FEAD50538BF082209F10C0B92465846E6
:108FD00000F02CF909F104020AF10701CAF10000BE
:108FE000146874B9584600F02BF9D9F80030CBB3A7
:108FF00008225146E8009847044698B340E9029891
:1090000030E06718D4F804C007400CF10103A7F161
:10901000080604EBC303B34238D9DF1BB5EBE70FF7
:109020004FEAE70E32D8B4421FD204F10803AE452E
:10903000A6EB03034FEAE30363600BD9691CAEEBB5
:10904000050E06EBC1020EF1FF335360236846F8AC
:10905000313022603446C6F80480584644F8089BF4
:1090600000F0EEF82046BDE8F88FAC4521680AD044
:10907000013504EBC50044F8351000F108015B1A16
:109080000146DB10436026461160E3E72246A7E76E
:10909000BC5D0020F8B550F8043C044650F8085C6C
:1090A000A0F1080607332F1D0C35DB0840F8043CFF
:1090B000284600F0BBF83B469F421A6801D0B342F5
:1090C00028D20AB1964225D244F8082C54F8042C30
:1090D0001E60013254F8081C06EBC200814206D122
:1090E000486810440A6844F8040C44F8082C59688D
:1090F0004A1C03EBC202964207D154F8042C0132F9
:109100000A445A6054F8082C1A602846BDE8F84012
:1091100000F096B81346CFE7FEE7000070B50025D3
:1091200004461D4B86B005630E4681635860FEF70A
:109130001FFC04F12803A5606563C4E90A3304F148
:109140001003C4E904334FF0FF33C4E90044C4E919
:109150000635FFF7C5FE2B46024604F13C012046CA
:10916000C4E9082380230D4A6567FDF75BFB73683C
:10917000E0600B4A03620123009280F824306846C5
:10918000F26801923269CDE90223064BCDE904353C
:10919000FDF77EFB06B070BD30400020889D0008C2
:1091A000AB940008199100080023C0E90000836017
:1091B0000361704770B51C4B05468468DE685CB37C
:1091C000B44213D103690133036170BDA36094F805
:1091D000243083B1062B15D1A06A2146D4E9003290
:1091E00013605A60FDF78AFAA36A9C68B368A268A4
:1091F0009A42EBD306E0D4E90032204613605A606D
:10920000FDF78CFA28463146FDF778FAB56206205C
:10921000BDE87040FDF784BA0369866001330361DD
:10922000336BC3603063D0E7B83F002008B530230C
:1092300083F31188FFF7BEFF002383F3118808BD75
:109240000346194AD0689A68824210B51FD130226D
:1092500082F31188196901391961A9B91C68DA68A2
:10926000A34202631DD0416B92B98160012218684C
:109270001A6102681A605360026B9860DA600363D7
:10928000FDF74CFAFDF79CFA002383F3118810BD1B
:109290001468A24203D0A468A14238BF2146D26814
:1092A000E2E79960F0E700BFB83F0020024A536B45
:1092B00003435363704700BFB83F002038B5EFF356
:1092C00011859DB9EFF30584C4F30804302334B14C
:1092D00083F31188FDF780FC85F3118838BD83F393
:1092E0001188FDF779FC84F3118838BDBDE838405A
:1092F000FDF772BC0023054A19460133102BC2E961
:10930000001102F10802F8D1704700BFDC5D0020B7
:10931000114BD3F8E82042F00802C3F8E820D3F854
:10932000102142F00802C3F810210C4AD3F8103182
:10933000D36B43F00803D363C722094B9A624FF003
:10934000FF32DA6200229A615A63DA605A600122BF
:109350005A611A60704700BF004402580010005C58
:10936000000C0040094A08B51169D3680B40D9B216
:109370009B076FEA0101116107D5302383F3118840
:10938000FDF744FA002383F3118808BD000C004068
:109390004D4435002D2D0A002F6172647570696C83
:1093A0006F742E6162696E002F6172647570696CF2
:1093B0006F742D7665726966792E6162696E002F11
:1093C0006172647570696C6F742D666C6173682E60
:1093D0006162696E002F6172647570696C6F742DC3
:1093E000666C61736865642E6162696E0053544DEA
:1093F000333248373F3F3F0053544D3332483733C1
:10940000782F3732780053544D3332483734332F66
:109410003735332F373530002F005375636365734D
:109420007366756C6C79206D6F756E74656420530E
:1094300044436172642028736C6F77646F776E3D6C
:109440002575290A00EB7690455846415420202086
:10945000004641543332202020002A3A3C3E7C22F0
:109460003F7F002B2C3B3D5B5D00633000536B79ED
:1094700053616B7572610025424F415244252D4264
:109480004C002553455249414C250025424F41523D
:109490004425007373683734330030313233343548
:1094A000363738394142434445460069646C6500AB
:1094B000000000000000000019120008B9120008A6
:1094C00069140008F1120008B11200080000000041
:1094D000000000001D120008C5120008A1140008B9
:1094E000151200082112000801105A00031059003B
:1094F0000120580003205600435545414141414356
:1095000045454549494941414592924F4F4F55552F
:10951000594F554F9C4F9E9F41494F55A5A5A6A712
:10952000A8A9AAABACADAEAFB0B1B2B3B4414141A2
:10953000B8B9BABBBCBDBEBFC0C1C2C3C4C541413E
:10954000C8C9CACBCCCDCECFD1D145454549494973
:1095500049D9DADBDCDD49DF4FE14F4F4F4FE6E819
:10956000E85555555959EEEFF0F1F2F3F4F5F6F7E9
:10957000F8F9FAFBFCFDFEFF01030507090E1012C6
:109580001416181C1E0000007D1D0100632C001E17
:109590009601A01E5A01001F0806101F0606201F74
:1095A0000806301F0806401F0606511F0700591FF6
:1095B000521F5B1F541F5D1F561F5F1F601F080651
:1095C000701F0E00BA1FBB1FC81FC91FCA1FCB1FA9
:1095D000DA1FDB1FF81FF91FEA1FEB1FFA1FFB1F23
:1095E000801F0806901F0806A01F0806B01F040071
:1095F000B81FB91FB21FBC1FCC1F0100C31FD01F53
:109600000206E01F0206E51F0100EC1FF31F010028
:10961000FC1F4E2101003221702110028421010023
:109620008321D0241A05302C2F04602C0201672CD2
:109630000601752C0201802C6401002D260841FFD3
:109640001A03000061001A03E0001703F800070383
:10965000FF000100780100013001320106013901EB
:1096600010014A012E017901060180014D004302DB
:1096700081018201820184018401860187018701C1
:1096800089018A018B018B018D018E018F0190016F
:109690009101910193019401F601960197019801BE
:1096A00098013D029B019C019D0120029F01A001A8
:1096B000A001A201A201A401A401A601A701A70182
:1096C000A901AA01AB01AC01AC01AE01AF01AF0130
:1096D000B101B201B301B301B501B501B701B801E0
:1096E000B801BA01BB01BC01BC01BE01F701C00158
:1096F000C101C201C301C401C501C401C701C80140
:10970000C701CA01CB01CA01CD011001DD01010071
:109710008E01DE011201F3010300F101F401F401F5
:10972000F8012801220212013A020900652C3B02CD
:109730003B023D02662C3F024002410241024602CA
:109740000A015302400081018601550289018A0104
:1097500058028F015A0290015C025D025E025F02B4
:10976000930161026202940164026502660267026B
:10977000970196016A02622C6C026D026E029C01D6
:10978000700271029D01730274029F0176027702DA
:10979000780279027A027B027C02642C7E027F02CC
:1097A000A60181028202A901840285028602870243
:1097B000AE014402B101B20145028D028E028F0258
:1097C00090029102B7017B030300FD03FE03FF0338
:1097D000AC0304008603880389038A03B1031103E1
:1097E000C2030200A303A303C4030803CC030300C2
:1097F0008C038E038F03D8031801F2030A00F903C8
:10980000F303F403F503F603F703F703F903FA038D
:10981000FA033004200350041007600422018A0474
:109820003601C1040E01CF040100C004D00444017C
:109830006105260400000000C700FC00E900E2000A
:10984000E400E000E500E700EA00EB00E800EF00DC
:10985000EE00EC00C400C500C900E600C600F4003C
:10986000F600F200FB00F900FF00D600DC00F80073
:10987000A300D800D7009201E100ED00F300FA0048
:10988000F100D100AA00BA00BF00AE00AC00BD00DC
:10989000BC00A100AB00BB009125922593250225B9
:1098A0002425C100C200C000A90063255125572509
:1098B0005D25A200A5001025142534252C251C2586
:1098C00000253C25E300C3005A255425692566255B
:1098D000602550256C25A400F000D000CA00CB0004
:1098E000C8003101CD00CE00CF0018250C258825F9
:1098F0008425A600CC008025D300DF00D400D20050
:10990000F500D500B500FE00DE00DA00DB00D9006E
:10991000FD00DD00AF00B400AD00B1001720BE00B7
:10992000B600A700F700B800B000A800B700B90063
:10993000B300B200A025A0001000024008000240C1
:109940000008024000000B0028000240080002400E
:109950000408024006010C004000024008000240DA
:109960000808024010020D005800024008000240A2
:109970000C08024016030E00700002400C0002406A
:109980001008024000040F00880002400C00024052
:109990001408024006051000A00002400C0002401E
:1099A0001808024010061100B80002400C000240E6
:1099B0001C08024016072F00100402400804024051
:1099C0002008024000083800280402400804024031
:1099D00024080240060939004004024008040240FD
:1099E00028080240100A3A005804024008040240C5
:1099F0002C080240160B3B00700402400C0402408D
:109A000030080240000C3C00880402400C04024074
:109A100034080240060D4400A00402400C04024039
:109A200038080240100E4500B80402400C04024001
:109A30003C080240160F4600010000000000000034
:109A40000096000000000000000000000000000080
:109A5000000000000000000000000000716E00081F
:109A6000756E000859590008955C0008ED5800080B
:109A7000155900083D590008D5580008000000009D
:109A8000595D0008455D0008815D00086D5D0008B6
:109A9000795D0008655D0008515D00083D5D0008C6
:109AA0008D5D000800000000715E00085D5E00082A
:109AB000995E0008855E0008915E00087D5E0008E2
:109AC000695E0008555E0008A55E00080100000000
:109AD00000000000000000006A9400080000000080
:109AE00000000000883D0020B83F00200001802ACF
:109AF00000000000AAAAAAAA00010024FFFF00009B
:109B00000000000000A00A000004000100000000A6
:109B1000AAAAAAAA00000001DFFF000000000000BE
:109B2000000000000004AA0200000000AAAAAAAADD
:109B300000045500FFFF000000000000CCCC0C002A
:109B40002000000000000000AAAAAAAA100000003D
:109B5000FFFF0000000C00000000000000806640D5
:109B600000000000AAAAAAAA00405900FFFF0000B6
:109B70000000007007070000000000000000000067
:109B8000AAAAAAAA00000000FFFF0000000000002F
:109B9000000000000000000000000000AAAAAAAA1D
:109BA00000000000FFFF00000000000000000000B7
:109BB0000000000000000000AAAAAAAA00000000FD
:109BC000FFFF000000000000000000000000000097
:109BD00000000000AAAAAAAA00000000FFFF0000DF
:109BE0000000000000000000000000000000000075
:109BF000AAAAAAAA00000000FFFF000000000000BF
:109C0000000000000000000000000000AAAAAAAAAC
:109C100000000000FFFF0000000000000000000046
:109C2000185D0020010102006D6F00087D6E0008C4
:109C3000196F0008FD6E000803000000000000001E
:109C400049610008000000001000000038400020BA
:109C50000000000001000000000000000200000001
:109C6000000000009560000801610008400040000D
:109C70005840002048400020020000000000000082
:109C800004030904430000008C9C000809024300FF
:109C9000020100C032090400000102020100052493
:109CA000001001052401000104240202052406001D
:109CB00001070582030800FF09040100020A0000F1
:109CC0000007050102400000070581024000000076
:109CD00012000000D89C0008120110010200004090
:109CE0000912415700020102030100000000002098
:109CF000000002000200000000000030000004002C
:109D0000080000000000002400000800040000001B
:109D10000004000000FC000002000000000004300D
:109D20000080000008000000000000380000010072
:109D3000010000001F1C1F1E1F1E1F1F1E1F1E1FB5
:109D40001F1D1F1E1F1E1F1F1E1F1E1F00010000A4
:109D5000001000000800000080000000400100002A
:109D60000800000000000000A56200085D65000812
:109D700009660008400040006C5C00206C5C00201C
:109D800001000000645C00206D61696E002C0438E5
:109D9000040438080C10141C2024252600000000A0
:109DA000000064040100040000000000000C00102A
:109DB00028303400B466FF7F01000000000000007E
:109DC0009A0A00000000000000001A0000000000D5
:109DD000FF000000C8420020183D002000000000E5
:109DE000ED93000883040000F8930008500400007D
:109DF000069400080100000000000000009600002A
:109E00000000080004000000809C00080000000022
:109E10000000000000000000000000000000000042
:0C9E200000000000009600000000080098
:00000001FF
